{
  "version": 3,
  "location": "chroma:nebula_extractor_energy_input",
  "traits": {
    "forge_energy": {
      "cIO": 0,
      "gIO": 0,
      "mbdIO": 0,
      "slotName": "",
      "x": 39,
      "y": 76,
      "width": 100,
      "height": 18,
      "texture": "multiblocked:textures/gui/energy_bar.png",
      "fillDirection": "LEFT_TO_RIGHT",
      "capacity": 1000000,
      "maxReceive": 65536,
      "maxExtract": 65536
    }
  },
  "properties": {
    "rotationState": "NON_Y_AXIS",
    "showInJei": true,
    "isOpaque": true,
    "hasDynamicShape": false,
    "hasCollision": true,
    "destroyTime": 1.5,
    "explosionResistance": 6.0,
    "speedFactor": 1.0,
    "jumpFactor": 1.0,
    "friction": 0.6,
    "harvestLevel": 0,
    "stackSize": 64,
    "tabGroup": "multiblocked.all"
  },
  "status": {
    "unformed": {
      "renderer": {
        "baseTexture": "multiblocked:casing/nebula_frame",
        "frontTexture": "multiblocked:overlay/void_energy_in",
        "type": "gregtech",
        "postRenderer": false
      }
    },
    "idle": {
      "parent": "unformed"
    },
    "working": {
      "parent": "idle"
    },
    "suspend": {
      "parent": "working"
    }
  },
  "canShared": true
}
