{
  "version": 3,
  "location": "chroma:energy_coke_input",
  "traits": {
    "forge_energy": {
      "cIO": 0,
      "gIO": 0,
      "mbdIO": 0,
      "slotName": "",
      "x": 36,
      "y": 71,
      "width": 100,
      "height": 18,
      "texture": "multiblocked:textures/gui/energy_bar.png",
      "fillDirection": "LEFT_TO_RIGHT",
      "capacity": 1638400,
      "maxReceive": 16384,
      "maxExtract": 16384
    }
  },
  "properties": {
    "rotationState": "NONE",
    "showInJei": true,
    "isOpaque": true,
    "hasDynamicShape": false,
    "hasCollision": true,
    "destroyTime": 1.5,
    "explosionResistance": 6.0,
    "speedFactor": 1.0,
    "jumpFactor": 1.0,
    "friction": 0.6,
    "harvestLevel": 0,
    "stackSize": 64,
    "tabGroup": "multiblocked.all"
  },
  "status": {
    "unformed": {
      "renderer": {
        "baseTexture": "multiblocked:casing/coil_hv_top",
        "frontTexture": "multiblocked:casing/coil_hv_side",
        "backTexture": "multiblocked:casing/coil_hv_side",
        "leftTexture": "multiblocked:casing/coil_hv_side",
        "rightTexture": "multiblocked:casing/coil_hv_side",
        "upTexture": "multiblocked:overlay/energy_in",
        "downTexture": "multiblocked:casing/coil_hv_top",
        "type": "gregtech",
        "postRenderer": false
      }
    },
    "idle": {
      "parent": "unformed"
    },
    "working": {
      "parent": "idle"
    },
    "suspend": {
      "parent": "working"
    }
  },
  "canShared": true
}
