{
  "version": 3,
  "location": "chroma:nebula_extractor_item_output",
  "traits": {
    "background": "multiblocked:textures/gui/9_slot.png",
    "item": [
      {
        "cIO": 1,
        "gIO": 2,
        "mIO": 1,
        "x": 61,
        "y": 53,
        "autoIO": true
      },
      {
        "cIO": 1,
        "gIO": 2,
        "mIO": 1,
        "x": 79,
        "y": 53,
        "autoIO": true
      },
      {
        "cIO": 1,
        "gIO": 2,
        "mIO": 1,
        "x": 97,
        "y": 53,
        "autoIO": true
      },
      {
        "cIO": 1,
        "gIO": 2,
        "mIO": 1,
        "x": 61,
        "y": 71,
        "autoIO": true
      },
      {
        "cIO": 1,
        "gIO": 2,
        "mIO": 1,
        "x": 79,
        "y": 71,
        "autoIO": true
      },
      {
        "cIO": 1,
        "gIO": 2,
        "mIO": 1,
        "x": 97,
        "y": 71,
        "autoIO": true
      },
      {
        "cIO": 1,
        "gIO": 2,
        "mIO": 1,
        "x": 61,
        "y": 89,
        "autoIO": true
      },
      {
        "cIO": 1,
        "gIO": 2,
        "mIO": 1,
        "x": 79,
        "y": 89,
        "autoIO": true
      },
      {
        "cIO": 1,
        "gIO": 2,
        "mIO": 1,
        "x": 97,
        "y": 89,
        "autoIO": true
      }
    ]
  },
  "properties": {
    "rotationState": "NON_Y_AXIS",
    "showInJei": true,
    "isOpaque": true,
    "hasDynamicShape": false,
    "hasCollision": true,
    "destroyTime": 1.5,
    "explosionResistance": 6.0,
    "speedFactor": 1.0,
    "jumpFactor": 1.0,
    "friction": 0.6,
    "harvestLevel": 0,
    "stackSize": 64,
    "tabGroup": "multiblocked.all"
  },
  "status": {
    "unformed": {
      "renderer": {
        "baseTexture": "multiblocked:casing/nebula_frame",
        "frontTexture": "multiblocked:overlay/void_item_out",
        "formedAsController": true,
        "type": "gregtech",
        "postRenderer": false
      }
    },
    "idle": {
      "parent": "unformed"
    },
    "working": {
      "parent": "idle"
    },
    "suspend": {
      "parent": "working"
    }
  },
  "canShared": true
}