{
  "version": 3,
  "location": "chroma:coke_item_output",
  "traits": {
    "background": "multiblocked:textures/gui/4_slot.png",
    "item": [
      {
        "cIO": 1,
        "gIO": 2,
        "mIO": 1,
        "x": 70,
        "y": 62,
        "autoIO": false
      },
      {
        "cIO": 1,
        "gIO": 2,
        "mIO": 1,
        "x": 88,
        "y": 62,
        "autoIO": false
      },
      {
        "cIO": 1,
        "gIO": 2,
        "mIO": 1,
        "x": 70,
        "y": 80,
        "autoIO": false
      },
      {
        "cIO": 1,
        "gIO": 2,
        "mIO": 1,
        "x": 88,
        "y": 80,
        "autoIO": false
      }
    ]
  },
  "properties": {
    "rotationState": "ALL",
    "showInJei": true,
    "isOpaque": true,
    "hasDynamicShape": false,
    "hasCollision": true,
    "destroyTime": 1.5,
    "explosionResistance": 6.0,
    "speedFactor": 1.0,
    "jumpFactor": 1.0,
    "friction": 0.6,
    "harvestLevel": 0,
    "stackSize": 64,
    "tabGroup": "multiblocked.all"
  },
  "status": {
    "unformed": {
      "renderer": {
        "baseTexture": "multiblocked:casing/radiator",
        "frontTexture": "multiblocked:overlay/item_out",
        "type": "gregtech",
        "postRenderer": false
      }
    },
    "idle": {
      "parent": "unformed"
    },
    "working": {
      "parent": "idle"
    },
    "suspend": {
      "parent": "working"
    }
  },
  "canShared": true
}