{
  "name": "compressed gas",
  "disable": false,
  "tier": 2,
  "color": "9f9f9f",
  "armorPoints": 3,
  "enchantability": 9,
  "craftingMaterial": "tag:forge:ingots/compressed_iron",
  "creative": false,
  "rarity": 0,
  "toughness": 0.0,
  "knockbackResistance": 0.0,
  "curios": true,
  "capacity": 800000,
  "usage": 120,
  "speedVertical": 0.41,
  "accelVertical": 0.12,
  "speedSideways": 0.14,
  "speedHoverAscend": 0.27,
  "speedHoverDescend": 0.25,
  "speedHover": 0.075,
  "sprintSpeedMulti": 1.1,
  "sprintSpeedMultiVertical": 1.05,
  "sprintFuelMulti": 2.1
}