{
  "name": "steel",
  "disable": false,
  "tier": 1,
  "color": "565656",
  "armorPoints": 2,
  "enchantability": 12,
  "craftingMaterial": "tag:forge:ingots/steel",
  "creative": false,
  "rarity": 0,
  "toughness": 0.0,
  "knockbackResistance": 0.0,
  "curios": true,
  "capacity": 100000,
  "usage": 70,
  "speedVertical": 0.25,
  "accelVertical": 0.11,
  "speedSideways": 0.08,
  "speedHoverAscend": 0.18,
  "speedHoverDescend": 0.25,
  "speedHover": 0.1,
  "sprintSpeedMulti": 1.0,
  "sprintSpeedMultiVertical": 1.0,
  "sprintFuelMulti": 1.0
}