{
  "name": "basic_sieving_machine",
  "progressTexture": "multiblocked:textures/gui/progress_bar_arrow.png",
  "fuelTexture": "multiblocked:textures/gui/progress_bar_fuel.png",
  "recipes": [
    {
      "uid": "basic_aurizincite_sieving",
      "duration": 60,
      "inputs": {
        "item": [
          {
            "content": {
              "type": "multiblocked:sized",
              "count": 1,
              "ingredient": {
                "item": "chroma:raw_aurizincite"
              }
            },
            "chance": 1.0
          }
        ],
        "create_stress": [
          {
            "content": 64.0,
            "chance": 1.0
          }
        ],
        "fluid": [
          {
            "content": {
              "fluid": "minecraft:water",
              "amount": 500
            },
            "chance": 1.0
          }
        ]
      },
      "outputs": {
        "item": [
          {
            "content": {
              "type": "multiblocked:sized",
              "count": 2,
              "ingredient": {
                "item": "create:crushed_raw_gold"
              }
            },
            "chance": 0.6
          },
          {
            "content": {
              "type": "multiblocked:sized",
              "count": 1,
              "ingredient": {
                "item": "create:crushed_raw_zinc"
              }
            },
            "chance": 0.4
          },
          {
            "content": {
              "type": "multiblocked:sized",
              "count": 1,
              "ingredient": {
                "item": "immersiveengineering:slag_gravel"
              }
            },
            "chance": 0.5
          }
        ]
      }
    },
    {
      "uid": "basic_cobalrite_sieving",
      "duration": 60,
      "inputs": {
        "item": [
          {
            "content": {
              "type": "multiblocked:sized",
              "count": 1,
              "ingredient": {
                "item": "chroma:raw_cobalrite"
              }
            },
            "chance": 1.0
          }
        ],
        "create_stress": [
          {
            "content": 64.0,
            "chance": 1.0
          }
        ],
        "fluid": [
          {
            "content": {
              "fluid": "minecraft:water",
              "amount": 500
            },
            "chance": 1.0
          }
        ]
      },
      "outputs": {
        "item": [
          {
            "content": {
              "type": "multiblocked:sized",
              "count": 2,
              "ingredient": {
                "item": "jaopca:create_crushed_ores.cobalt"
              }
            },
            "chance": 0.6
          },
          {
            "content": {
              "type": "multiblocked:sized",
              "count": 1,
              "ingredient": {
                "item": "jaopca:create_crushed_ores.netherite_scrap"
              }
            },
            "chance": 0.05
          },
          {
            "content": {
              "type": "multiblocked:sized",
              "count": 1,
              "ingredient": {
                "item": "minecraft:soul_sand"
              }
            },
            "chance": 0.3
          }
        ]
      }
    },
    {
      "uid": "basic_cuperargentite_sieving",
      "duration": 60,
      "inputs": {
        "item": [
          {
            "content": {
              "type": "multiblocked:sized",
              "count": 1,
              "ingredient": {
                "item": "chroma:raw_cuperargentite"
              }
            },
            "chance": 1.0
          }
        ],
        "create_stress": [
          {
            "content": 64.0,
            "chance": 1.0
          }
        ],
        "fluid": [
          {
            "content": {
              "fluid": "minecraft:water",
              "amount": 500
            },
            "chance": 1.0
          }
        ]
      },
      "outputs": {
        "item": [
          {
            "content": {
              "type": "multiblocked:sized",
              "count": 2,
              "ingredient": {
                "item": "create:crushed_raw_copper"
              }
            },
            "chance": 0.6
          },
          {
            "content": {
              "type": "multiblocked:sized",
              "count": 1,
              "ingredient": {
                "item": "create:crushed_raw_tin"
              }
            },
            "chance": 0.25
          },
          {
            "content": {
              "type": "multiblocked:sized",
              "count": 1,
              "ingredient": {
                "item": "create:crushed_raw_silver"
              }
            },
            "chance": 0.15
          },
          {
            "content": {
              "type": "multiblocked:sized",
              "count": 1,
              "ingredient": {
                "item": "immersiveengineering:slag_gravel"
              }
            },
            "chance": 0.5
          }
        ]
      }
    },
    {
      "uid": "basic_feranicalumite_sieving",
      "duration": 60,
      "inputs": {
        "item": [
          {
            "content": {
              "type": "multiblocked:sized",
              "count": 1,
              "ingredient": {
                "item": "chroma:raw_feranicalumite"
              }
            },
            "chance": 1.0
          }
        ],
        "create_stress": [
          {
            "content": 64.0,
            "chance": 1.0
          }
        ],
        "fluid": [
          {
            "content": {
              "fluid": "minecraft:water",
              "amount": 500
            },
            "chance": 1.0
          }
        ]
      },
      "outputs": {
        "item": [
          {
            "content": {
              "type": "multiblocked:sized",
              "count": 2,
              "ingredient": {
                "item": "create:crushed_raw_iron"
              }
            },
            "chance": 0.6
          },
          {
            "content": {
              "type": "multiblocked:sized",
              "count": 1,
              "ingredient": {
                "item": "create:crushed_raw_aluminum"
              }
            },
            "chance": 0.25
          },
          {
            "content": {
              "type": "multiblocked:sized",
              "count": 1,
              "ingredient": {
                "item": "create:crushed_raw_nickel"
              }
            },
            "chance": 0.15
          },
          {
            "content": {
              "type": "multiblocked:sized",
              "count": 1,
              "ingredient": {
                "item": "immersiveengineering:slag_gravel"
              }
            },
            "chance": 0.5
          }
        ]
      }
    },
    {
      "uid": "basic_leadurosmate_sieving",
      "duration": 60,
      "inputs": {
        "item": [
          {
            "content": {
              "type": "multiblocked:sized",
              "count": 1,
              "ingredient": {
                "item": "chroma:raw_leadurosmate"
              }
            },
            "chance": 1.0
          }
        ],
        "create_stress": [
          {
            "content": 64.0,
            "chance": 1.0
          }
        ],
        "fluid": [
          {
            "content": {
              "fluid": "minecraft:water",
              "amount": 500
            },
            "chance": 1.0
          }
        ]
      },
      "outputs": {
        "item": [
          {
            "content": {
              "type": "multiblocked:sized",
              "count": 2,
              "ingredient": {
                "item": "create:crushed_raw_lead"
              }
            },
            "chance": 0.6
          },
          {
            "content": {
              "type": "multiblocked:sized",
              "count": 1,
              "ingredient": {
                "item": "create:crushed_raw_uranium"
              }
            },
            "chance": 0.25
          },
          {
            "content": {
              "type": "multiblocked:sized",
              "count": 1,
              "ingredient": {
                "item": "create:crushed_raw_osmium"
              }
            },
            "chance": 0.15
          },
          {
            "content": {
              "type": "multiblocked:sized",
              "count": 1,
              "ingredient": {
                "item": "immersiveengineering:slag_gravel"
              }
            },
            "chance": 0.5
          }
        ]
      }
    },
    {
      "uid": "raw_diamond_sieving",
      "duration": 60,
      "inputs": {
        "item": [
          {
            "content": {
              "type": "multiblocked:sized",
              "count": 1,
              "ingredient": {
                "item": "createoreexcavation:raw_diamond"
              }
            },
            "chance": 1.0
          }
        ],
        "create_stress": [
          {
            "content": 64.0,
            "chance": 1.0
          }
        ],
        "fluid": [
          {
            "content": {
              "fluid": "minecraft:water",
              "amount": 500
            },
            "chance": 1.0
          }
        ]
      },
      "outputs": {
        "item": [
          {
            "content": {
              "type": "multiblocked:sized",
              "count": 1,
              "ingredient": {
                "item": "minecraft:diamond"
              }
            },
            "chance": 1.0
          },
          {
            "content": {
              "type": "multiblocked:sized",
              "count": 1,
              "ingredient": {
                "item": "minecraft:diamond"
              }
            },
            "chance": 0.4
          }
        ]
      }
    },
    {
      "uid": "raw_emerald_sieving",
      "duration": 60,
      "inputs": {
        "item": [
          {
            "content": {
              "type": "multiblocked:sized",
              "count": 1,
              "ingredient": {
                "item": "createoreexcavation:raw_emerald"
              }
            },
            "chance": 1.0
          }
        ],
        "create_stress": [
          {
            "content": 64.0,
            "chance": 1.0
          }
        ],
        "fluid": [
          {
            "content": {
              "fluid": "minecraft:water",
              "amount": 500
            },
            "chance": 1.0
          }
        ]
      },
      "outputs": {
        "item": [
          {
            "content": {
              "type": "multiblocked:sized",
              "count": 1,
              "ingredient": {
                "item": "minecraft:emerald"
              }
            },
            "chance": 1.0
          },
          {
            "content": {
              "type": "multiblocked:sized",
              "count": 1,
              "ingredient": {
                "item": "minecraft:emerald"
              }
            },
            "chance": 0.3
          }
        ]
      }
    },
    {
      "uid": "raw_redstone_sieving",
      "duration": 60,
      "inputs": {
        "item": [
          {
            "content": {
              "type": "multiblocked:sized",
              "count": 1,
              "ingredient": {
                "item": "createoreexcavation:raw_redstone"
              }
            },
            "chance": 1.0
          }
        ],
        "create_stress": [
          {
            "content": 64.0,
            "chance": 1.0
          }
        ],
        "fluid": [
          {
            "content": {
              "fluid": "minecraft:water",
              "amount": 500
            },
            "chance": 1.0
          }
        ]
      },
      "outputs": {
        "item": [
          {
            "content": {
              "type": "multiblocked:sized",
              "count": 8,
              "ingredient": {
                "item": "minecraft:redstone"
              }
            },
            "chance": 1.0
          }
        ]
      }
    }
  ]
}