{
  "name": "improved_coke_oven",
  "progressTexture": "multiblocked:textures/gui/progress_bar_arrow.png",
  "fuelTexture": "multiblocked:textures/gui/progress_bar_fuel.png",
  "recipes": [
    {
      "uid": "coke_from_block",
      "duration": 5400,
      "inputs": {
        "item": [
          {
            "content": {
              "type": "multiblocked:sized",
              "count": 1,
              "ingredient": {
                "item": "minecraft:coal_block"
              }
            },
            "chance": 1.0
          }
        ]
      },
      "outputs": {
        "item": [
          {
            "content": {
              "type": "multiblocked:sized",
              "count": 1,
              "ingredient": {
                "item": "thermal:coal_coke_block"
              }
            },
            "chance": 1.0
          }
        ],
        "fluid": [
          {
            "content": {
              "fluid": "immersiveengineering:creosote",
              "amount": 5000
            },
            "chance": 1.0
          }
        ]
      },
      "tickInputs": {
        "forge_energy": [
          {
            "content": 50,
            "chance": 1.0
          }
        ]
      }
    },
    {
      "uid": "coke",
      "duration": 600,
      "inputs": {
        "item": [
          {
            "content": {
              "type": "multiblocked:sized",
              "count": 1,
              "ingredient": {
                "item": "minecraft:coal"
              }
            },
            "chance": 1.0
          }
        ]
      },
      "outputs": {
        "item": [
          {
            "content": {
              "type": "multiblocked:sized",
              "count": 1,
              "ingredient": {
                "item": "thermal:coal_coke"
              }
            },
            "chance": 1.0
          }
        ],
        "fluid": [
          {
            "content": {
              "fluid": "immersiveengineering:creosote",
              "amount": 500
            },
            "chance": 1.0
          }
        ]
      },
      "tickInputs": {
        "forge_energy": [
          {
            "content": 50,
            "chance": 1.0
          }
        ]
      }
    },
    {
      "uid": "charcoal",
      "duration": 600,
      "inputs": {
        "item": [
          {
            "content": {
              "type": "multiblocked:sized",
              "count": 1,
              "tag": "minecraft:logs"
            },
            "chance": 1.0
          }
        ]
      },
      "outputs": {
        "item": [
          {
            "content": {
              "type": "multiblocked:sized",
              "count": 1,
              "ingredient": {
                "item": "minecraft:charcoal"
              }
            },
            "chance": 1.0
          }
        ],
        "fluid": [
          {
            "content": {
              "fluid": "immersiveengineering:creosote",
              "amount": 250
            },
            "chance": 1.0
          }
        ]
      },
      "tickInputs": {
        "forge_energy": [
          {
            "content": 50,
            "chance": 1.0
          }
        ]
      }
    }
  ]
}