{
  "name": "nebula_tier_3",
  "progressTexture": "multiblocked:textures/gui/progress_bar_arrow.png",
  "fuelTexture": "multiblocked:textures/gui/progress_bar_fuel.png",
  "recipes": [
    {
      "uid": "venustar",
      "duration": 200,
      "outputs": {
        "item": [
          {
            "content": {
              "type": "multiblocked:sized",
              "count": 1,
              "ingredient": {
                "item": "chroma:venustar_luminae"
              }
            },
            "chance": 0.6
          },
          {
            "content": {
              "type": "multiblocked:sized",
              "count": 1,
              "ingredient": {
                "item": "beyond_earth:venus_stone"
              }
            },
            "chance": 0.1
          }
        ]
      },
      "tickInputs": {
        "forge_energy": [
          {
            "content": 10000,
            "chance": 1.0
          }
        ]
      },
      "conditions": [
        {
          "type": "dimension",
          "condition": {
            "dim": "beyond_earth:venus"
          }
        }
      ]
    }
  ],
  "ui": "nebula_tier_3"
}