{
  "name": "void_miner_tier_1",
  "progressTexture": "multiblocked:textures/gui/progress_bar_arrow.png",
  "fuelTexture": "multiblocked:textures/gui/progress_bar_fuel.png",
  "recipes": [
    {
      "uid": "void_miner_tier_1",
      "duration": 200,
      "outputs": {
        "item": [
          {
            "content": {
              "type": "multiblocked:sized",
              "count": 1,
              "ingredient": {
                "item": "thermal:niter_ore"
              }
            },
            "chance": 0.24
          },
          {
            "content": {
              "type": "multiblocked:sized",
              "count": 1,
              "ingredient": {
                "item": "thermal:silver_ore"
              }
            },
            "chance": 0.38
          },
          {
            "content": {
              "type": "multiblocked:sized",
              "count": 1,
              "ingredient": {
                "item": "thermal:sulfur_ore"
              }
            },
            "chance": 0.22
          },
          {
            "content": {
              "type": "multiblocked:sized",
              "count": 1,
              "ingredient": {
                "item": "thermal:tin_ore"
              }
            },
            "chance": 0.46
          },
          {
            "content": {
              "type": "multiblocked:sized",
              "count": 1,
              "ingredient": {
                "item": "thermal:nickel_ore"
              }
            },
            "chance": 0.23
          },
          {
            "content": {
              "type": "multiblocked:sized",
              "count": 1,
              "ingredient": {
                "item": "thermal:lead_ore"
              }
            },
            "chance": 0.5
          },
          {
            "content": {
              "type": "multiblocked:sized",
              "count": 1,
              "ingredient": {
                "item": "thermal:cinnabar_ore"
              }
            },
            "chance": 0.19
          },
          {
            "content": {
              "type": "multiblocked:sized",
              "count": 1,
              "ingredient": {
                "item": "thermal:apatite_ore"
              }
            },
            "chance": 0.23
          },
          {
            "content": {
              "type": "multiblocked:sized",
              "count": 1,
              "ingredient": {
                "item": "rftoolsbase:dimensionalshard_overworld"
              }
            },
            "chance": 0.25
          },
          {
            "content": {
              "type": "multiblocked:sized",
              "count": 1,
              "ingredient": {
                "item": "powah:uraninite_ore"
              }
            },
            "chance": 0.19
          },
          {
            "content": {
              "type": "multiblocked:sized",
              "count": 1,
              "ingredient": {
                "item": "mysticalagriculture:prosperity_ore"
              }
            },
            "chance": 0.3
          },
          {
            "content": {
              "type": "multiblocked:sized",
              "count": 1,
              "ingredient": {
                "item": "mysticalagriculture:inferium_ore"
              }
            },
            "chance": 0.4
          },
          {
            "content": {
              "type": "multiblocked:sized",
              "count": 1,
              "ingredient": {
                "item": "mna:vinteum_ore"
              }
            },
            "chance": 0.11
          },
          {
            "content": {
              "type": "multiblocked:sized",
              "count": 1,
              "ingredient": {
                "item": "mekanism:osmium_ore"
              }
            },
            "chance": 0.35
          },
          {
            "content": {
              "type": "multiblocked:sized",
              "count": 1,
              "ingredient": {
                "item": "minecraft:coal_ore"
              }
            },
            "chance": 0.9
          },
          {
            "content": {
              "type": "multiblocked:sized",
              "count": 1,
              "ingredient": {
                "item": "minecraft:copper_ore"
              }
            },
            "chance": 0.58
          },
          {
            "content": {
              "type": "multiblocked:sized",
              "count": 1,
              "ingredient": {
                "item": "minecraft:diamond_ore"
              }
            },
            "chance": 0.21
          },
          {
            "content": {
              "type": "multiblocked:sized",
              "count": 1,
              "ingredient": {
                "item": "minecraft:emerald_ore"
              }
            },
            "chance": 0.15
          },
          {
            "content": {
              "type": "multiblocked:sized",
              "count": 1,
              "ingredient": {
                "item": "minecraft:gold_ore"
              }
            },
            "chance": 0.39
          },
          {
            "content": {
              "type": "multiblocked:sized",
              "count": 1,
              "ingredient": {
                "item": "minecraft:iron_ore"
              }
            },
            "chance": 0.75
          },
          {
            "content": {
              "type": "multiblocked:sized",
              "count": 1,
              "ingredient": {
                "item": "minecraft:lapis_ore"
              }
            },
            "chance": 0.34
          },
          {
            "content": {
              "type": "multiblocked:sized",
              "count": 1,
              "ingredient": {
                "item": "minecraft:redstone_ore"
              }
            },
            "chance": 0.34
          },
          {
            "content": {
              "type": "multiblocked:sized",
              "count": 1,
              "ingredient": {
                "item": "mekanism:fluorite_ore"
              }
            },
            "chance": 0.5
          },
          {
            "content": {
              "type": "multiblocked:sized",
              "count": 1,
              "ingredient": {
                "item": "immersiveengineering:ore_aluminum"
              }
            },
            "chance": 0.42
          },
          {
            "content": {
              "type": "multiblocked:sized",
              "count": 1,
              "ingredient": {
                "item": "forbidden_arcanus:xpetrified_ore"
              }
            },
            "chance": 0.05
          },
          {
            "content": {
              "type": "multiblocked:sized",
              "count": 1,
              "ingredient": {
                "item": "forbidden_arcanus:runic_stone"
              }
            },
            "chance": 0.01
          },
          {
            "content": {
              "type": "multiblocked:sized",
              "count": 1,
              "ingredient": {
                "item": "forbidden_arcanus:arcane_crystal_ore"
              }
            },
            "chance": 0.05
          },
          {
            "content": {
              "type": "multiblocked:sized",
              "count": 1,
              "ingredient": {
                "item": "evilcraft:dark_ore"
              }
            },
            "chance": 0.12
          },
          {
            "content": {
              "type": "multiblocked:sized",
              "count": 1,
              "ingredient": {
                "item": "create:zinc_ore"
              }
            },
            "chance": 0.18
          },
          {
            "content": {
              "type": "multiblocked:sized",
              "count": 1,
              "ingredient": {
                "item": "biggerreactors:uranium_ore"
              }
            },
            "chance": 0.38
          },
          {
            "content": {
              "type": "multiblocked:sized",
              "count": 1,
              "ingredient": {
                "item": "ae2:quartz_ore"
              }
            },
            "chance": 0.23
          },
          {
            "content": {
              "type": "multiblocked:sized",
              "count": 1,
              "ingredient": {
                "item": "minecraft:nether_quartz_ore"
              }
            },
            "chance": 0.1
          }
        ]
      },
      "tickInputs": {
        "forge_energy": [
          {
            "content": 60000,
            "chance": 1.0
          }
        ]
      }
    }
  ]
}
