{
  "name": "void_miner_tier_4",
  "progressTexture": "multiblocked:textures/gui/progress_bar_arrow.png",
  "fuelTexture": "multiblocked:textures/gui/progress_bar_fuel.png",
  "recipes": [
    {
      "uid": "void_miner_tier_4",
      "duration": 20,
      "outputs": {
        "item": [
          {
            "content": {
              "type": "multiblocked:sized",
              "count": 1,
              "ingredient": {
                "item": "thermal:niter_ore"
              }
            },
            "chance": 0.54
          },
          {
            "content": {
              "type": "multiblocked:sized",
              "count": 1,
              "ingredient": {
                "item": "thermal:silver_ore"
              }
            },
            "chance": 0.68
          },
          {
            "content": {
              "type": "multiblocked:sized",
              "count": 1,
              "ingredient": {
                "item": "thermal:sulfur_ore"
              }
            },
            "chance": 0.52
          },
          {
            "content": {
              "type": "multiblocked:sized",
              "count": 1,
              "ingredient": {
                "item": "thermal:tin_ore"
              }
            },
            "chance": 0.76
          },
          {
            "content": {
              "type": "multiblocked:sized",
              "count": 1,
              "ingredient": {
                "item": "thermal:nickel_ore"
              }
            },
            "chance": 0.53
          },
          {
            "content": {
              "type": "multiblocked:sized",
              "count": 1,
              "ingredient": {
                "item": "thermal:lead_ore"
              }
            },
            "chance": 0.8
          },
          {
            "content": {
              "type": "multiblocked:sized",
              "count": 1,
              "ingredient": {
                "item": "thermal:cinnabar_ore"
              }
            },
            "chance": 0.49
          },
          {
            "content": {
              "type": "multiblocked:sized",
              "count": 1,
              "ingredient": {
                "item": "thermal:apatite_ore"
              }
            },
            "chance": 0.53
          },
          {
            "content": {
              "type": "multiblocked:sized",
              "count": 1,
              "ingredient": {
                "item": "rftoolsbase:dimensionalshard_overworld"
              }
            },
            "chance": 0.55
          },
          {
            "content": {
              "type": "multiblocked:sized",
              "count": 1,
              "ingredient": {
                "item": "powah:uraninite_ore"
              }
            },
            "chance": 0.54
          },
          {
            "content": {
              "type": "multiblocked:sized",
              "count": 1,
              "ingredient": {
                "item": "mysticalagriculture:prosperity_ore"
              }
            },
            "chance": 0.6
          },
          {
            "content": {
              "type": "multiblocked:sized",
              "count": 1,
              "ingredient": {
                "item": "mysticalagriculture:inferium_ore"
              }
            },
            "chance": 0.7
          },
          {
            "content": {
              "type": "multiblocked:sized",
              "count": 1,
              "ingredient": {
                "item": "mna:vinteum_ore"
              }
            },
            "chance": 0.41
          },
          {
            "content": {
              "type": "multiblocked:sized",
              "count": 1,
              "ingredient": {
                "item": "mekanism:osmium_ore"
              }
            },
            "chance": 0.65
          },
          {
            "content": {
              "type": "multiblocked:sized",
              "count": 1,
              "ingredient": {
                "item": "minecraft:coal_ore"
              }
            },
            "chance": 1.0
          },
          {
            "content": {
              "type": "multiblocked:sized",
              "count": 1,
              "ingredient": {
                "item": "minecraft:copper_ore"
              }
            },
            "chance": 0.88
          },
          {
            "content": {
              "type": "multiblocked:sized",
              "count": 1,
              "ingredient": {
                "item": "minecraft:diamond_ore"
              }
            },
            "chance": 0.51
          },
          {
            "content": {
              "type": "multiblocked:sized",
              "count": 1,
              "ingredient": {
                "item": "minecraft:emerald_ore"
              }
            },
            "chance": 0.45
          },
          {
            "content": {
              "type": "multiblocked:sized",
              "count": 1,
              "ingredient": {
                "item": "minecraft:gold_ore"
              }
            },
            "chance": 0.65
          },
          {
            "content": {
              "type": "multiblocked:sized",
              "count": 1,
              "ingredient": {
                "item": "minecraft:iron_ore"
              }
            },
            "chance": 1.0
          },
          {
            "content": {
              "type": "multiblocked:sized",
              "count": 1,
              "ingredient": {
                "item": "minecraft:lapis_ore"
              }
            },
            "chance": 0.64
          },
          {
            "content": {
              "type": "multiblocked:sized",
              "count": 1,
              "ingredient": {
                "item": "minecraft:redstone_ore"
              }
            },
            "chance": 0.64
          },
          {
            "content": {
              "type": "multiblocked:sized",
              "count": 1,
              "ingredient": {
                "item": "mekanism:fluorite_ore"
              }
            },
            "chance": 0.7
          },
          {
            "content": {
              "type": "multiblocked:sized",
              "count": 1,
              "ingredient": {
                "item": "immersiveengineering:ore_aluminum"
              }
            },
            "chance": 0.72
          },
          {
            "content": {
              "type": "multiblocked:sized",
              "count": 1,
              "ingredient": {
                "item": "forbidden_arcanus:xpetrified_ore"
              }
            },
            "chance": 0.35
          },
          {
            "content": {
              "type": "multiblocked:sized",
              "count": 1,
              "ingredient": {
                "item": "forbidden_arcanus:runic_stone"
              }
            },
            "chance": 0.31
          },
          {
            "content": {
              "type": "multiblocked:sized",
              "count": 1,
              "ingredient": {
                "item": "forbidden_arcanus:arcane_crystal_ore"
              }
            },
            "chance": 0.35
          },
          {
            "content": {
              "type": "multiblocked:sized",
              "count": 1,
              "ingredient": {
                "item": "evilcraft:dark_ore"
              }
            },
            "chance": 0.42
          },
          {
            "content": {
              "type": "multiblocked:sized",
              "count": 1,
              "ingredient": {
                "item": "create:zinc_ore"
              }
            },
            "chance": 0.48
          },
          {
            "content": {
              "type": "multiblocked:sized",
              "count": 1,
              "ingredient": {
                "item": "biggerreactors:uranium_ore"
              }
            },
            "chance": 0.68
          },
          {
            "content": {
              "type": "multiblocked:sized",
              "count": 1,
              "ingredient": {
                "item": "ae2:quartz_ore"
              }
            },
            "chance": 0.53
          },
          {
            "content": {
              "type": "multiblocked:sized",
              "count": 1,
              "ingredient": {
                "item": "draconicevolution:overworld_draconium_ore"
              }
            },
            "chance": 0.58
          },
          {
            "content": {
              "type": "multiblocked:sized",
              "count": 1,
              "ingredient": {
                "item": "mythicbotany:dragonstone_ore"
              }
            },
            "chance": 0.22
          },
          {
            "content": {
              "type": "multiblocked:sized",
              "count": 1,
              "ingredient": {
                "item": "mythicbotany:elementium_ore"
              }
            },
            "chance": 0.22
          },
          {
            "content": {
              "type": "multiblocked:sized",
              "count": 1,
              "ingredient": {
                "item": "tconstruct:cobalt_ore"
              }
            },
            "chance": 0.46
          },
          {
            "content": {
              "type": "multiblocked:sized",
              "count": 1,
              "ingredient": {
                "item": "undergarden:depthrock_cloggrum_ore"
              }
            },
            "chance": 0.4
          },
          {
            "content": {
              "type": "multiblocked:sized",
              "count": 1,
              "ingredient": {
                "item": "undergarden:depthrock_regalium_ore"
              }
            },
            "chance": 0.4
          },
          {
            "content": {
              "type": "multiblocked:sized",
              "count": 1,
              "ingredient": {
                "item": "undergarden:depthrock_utherium_ore"
              }
            },
            "chance": 0.4
          },
          {
            "content": {
              "type": "multiblocked:sized",
              "count": 1,
              "ingredient": {
                "item": "undergarden:shiverstone_froststeel_ore"
              }
            },
            "chance": 0.4
          },
          {
            "content": {
              "type": "multiblocked:sized",
              "count": 1,
              "ingredient": {
                "item": "blue_skies:horizonite_ore"
              }
            },
            "chance": 0.3
          },
          {
            "content": {
              "type": "multiblocked:sized",
              "count": 1,
              "ingredient": {
                "item": "blue_skies:falsite_ore"
              }
            },
            "chance": 0.3
          },
          {
            "content": {
              "type": "multiblocked:sized",
              "count": 1,
              "ingredient": {
                "item": "blue_skies:everbright_pyrope_ore"
              }
            },
            "chance": 0.3
          },
          {
            "content": {
              "type": "multiblocked:sized",
              "count": 1,
              "ingredient": {
                "item": "blue_skies:everbright_moonstone_ore"
              }
            },
            "chance": 0.3
          },
          {
            "content": {
              "type": "multiblocked:sized",
              "count": 1,
              "ingredient": {
                "item": "blue_skies:everbright_diopside_ore"
              }
            },
            "chance": 0.3
          },
          {
            "content": {
              "type": "multiblocked:sized",
              "count": 1,
              "ingredient": {
                "item": "blue_skies:everbright_charoite_ore"
              }
            },
            "chance": 0.3
          },
          {
            "content": {
              "type": "multiblocked:sized",
              "count": 1,
              "ingredient": {
                "item": "blue_skies:everbright_aquite_ore"
              }
            },
            "chance": 0.3
          },
          {
            "content": {
              "type": "multiblocked:sized",
              "count": 1,
              "ingredient": {
                "item": "blue_skies:ventium_ore"
              }
            },
            "chance": 0.3
          },
          {
            "content": {
              "type": "multiblocked:sized",
              "count": 1,
              "ingredient": {
                "item": "beyond_earth:moon_desh_ore"
              }
            },
            "chance": 0.2
          },
          {
            "content": {
              "type": "multiblocked:sized",
              "count": 1,
              "ingredient": {
                "item": "beyond_earth:mars_ostrum_ore"
              }
            },
            "chance": 0.16
          },
          {
            "content": {
              "type": "multiblocked:sized",
              "count": 1,
              "ingredient": {
                "item": "beyond_earth:venus_calorite_ore"
              }
            },
            "chance": 0.13
          },
          {
            "content": {
              "type": "multiblocked:sized",
              "count": 1,
              "ingredient": {
                "item": "beyond_earth:moon_cheese_ore"
              }
            },
            "chance": 0.25
          },
          {
            "content": {
              "type": "multiblocked:sized",
              "count": 1,
              "ingredient": {
                "item": "beyond_earth:moon_ice_shard_ore"
              }
            },
            "chance": 0.22
          },
          {
            "content": {
              "type": "multiblocked:sized",
              "count": 1,
              "ingredient": {
                "item": "chroma:glacio_crystaltine_ore"
              }
            },
            "chance": 0.05
          },
          {
            "content": {
              "type": "multiblocked:sized",
              "count": 1,
              "ingredient": {
                "item": "minecraft:nether_quartz_ore"
              }
            },
            "chance": 0.4
          }
        ]
      },
      "tickInputs": {
        "forge_energy": [
          {
            "content": 18000000,
            "chance": 1.0
          }
        ]
      }
    }
  ]
}
