{
  "name": "void_miner_tier_2",
  "progressTexture": "multiblocked:textures/gui/progress_bar_arrow.png",
  "fuelTexture": "multiblocked:textures/gui/progress_bar_fuel.png",
  "recipes": [
    {
      "uid": "void_miner_tier_2",
      "duration": 100,
      "outputs": {
        "item": [
          {
            "content": {
              "type": "multiblocked:sized",
              "count": 1,
              "ingredient": {
                "item": "thermal:niter_ore"
              }
            },
            "chance": 0.34
          },
          {
            "content": {
              "type": "multiblocked:sized",
              "count": 1,
              "ingredient": {
                "item": "thermal:silver_ore"
              }
            },
            "chance": 0.48
          },
          {
            "content": {
              "type": "multiblocked:sized",
              "count": 1,
              "ingredient": {
                "item": "thermal:sulfur_ore"
              }
            },
            "chance": 0.32
          },
          {
            "content": {
              "type": "multiblocked:sized",
              "count": 1,
              "ingredient": {
                "item": "thermal:tin_ore"
              }
            },
            "chance": 0.56
          },
          {
            "content": {
              "type": "multiblocked:sized",
              "count": 1,
              "ingredient": {
                "item": "thermal:nickel_ore"
              }
            },
            "chance": 0.33
          },
          {
            "content": {
              "type": "multiblocked:sized",
              "count": 1,
              "ingredient": {
                "item": "thermal:lead_ore"
              }
            },
            "chance": 0.6
          },
          {
            "content": {
              "type": "multiblocked:sized",
              "count": 1,
              "ingredient": {
                "item": "thermal:cinnabar_ore"
              }
            },
            "chance": 0.29
          },
          {
            "content": {
              "type": "multiblocked:sized",
              "count": 1,
              "ingredient": {
                "item": "thermal:apatite_ore"
              }
            },
            "chance": 0.33
          },
          {
            "content": {
              "type": "multiblocked:sized",
              "count": 1,
              "ingredient": {
                "item": "rftoolsbase:dimensionalshard_overworld"
              }
            },
            "chance": 0.35
          },
          {
            "content": {
              "type": "multiblocked:sized",
              "count": 1,
              "ingredient": {
                "item": "powah:uraninite_ore"
              }
            },
            "chance": 0.29
          },
          {
            "content": {
              "type": "multiblocked:sized",
              "count": 1,
              "ingredient": {
                "item": "mysticalagriculture:prosperity_ore"
              }
            },
            "chance": 0.4
          },
          {
            "content": {
              "type": "multiblocked:sized",
              "count": 1,
              "ingredient": {
                "item": "mysticalagriculture:inferium_ore"
              }
            },
            "chance": 0.5
          },
          {
            "content": {
              "type": "multiblocked:sized",
              "count": 1,
              "ingredient": {
                "item": "mna:vinteum_ore"
              }
            },
            "chance": 0.21
          },
          {
            "content": {
              "type": "multiblocked:sized",
              "count": 1,
              "ingredient": {
                "item": "mekanism:osmium_ore"
              }
            },
            "chance": 0.45
          },
          {
            "content": {
              "type": "multiblocked:sized",
              "count": 1,
              "ingredient": {
                "item": "minecraft:coal_ore"
              }
            },
            "chance": 0.95
          },
          {
            "content": {
              "type": "multiblocked:sized",
              "count": 1,
              "ingredient": {
                "item": "minecraft:copper_ore"
              }
            },
            "chance": 0.68
          },
          {
            "content": {
              "type": "multiblocked:sized",
              "count": 1,
              "ingredient": {
                "item": "minecraft:diamond_ore"
              }
            },
            "chance": 0.31
          },
          {
            "content": {
              "type": "multiblocked:sized",
              "count": 1,
              "ingredient": {
                "item": "minecraft:emerald_ore"
              }
            },
            "chance": 0.25
          },
          {
            "content": {
              "type": "multiblocked:sized",
              "count": 1,
              "ingredient": {
                "item": "minecraft:gold_ore"
              }
            },
            "chance": 0.45
          },
          {
            "content": {
              "type": "multiblocked:sized",
              "count": 1,
              "ingredient": {
                "item": "minecraft:iron_ore"
              }
            },
            "chance": 0.85
          },
          {
            "content": {
              "type": "multiblocked:sized",
              "count": 1,
              "ingredient": {
                "item": "minecraft:lapis_ore"
              }
            },
            "chance": 0.44
          },
          {
            "content": {
              "type": "multiblocked:sized",
              "count": 1,
              "ingredient": {
                "item": "minecraft:redstone_ore"
              }
            },
            "chance": 0.44
          },
          {
            "content": {
              "type": "multiblocked:sized",
              "count": 1,
              "ingredient": {
                "item": "mekanism:fluorite_ore"
              }
            },
            "chance": 0.5
          },
          {
            "content": {
              "type": "multiblocked:sized",
              "count": 1,
              "ingredient": {
                "item": "immersiveengineering:ore_aluminum"
              }
            },
            "chance": 0.52
          },
          {
            "content": {
              "type": "multiblocked:sized",
              "count": 1,
              "ingredient": {
                "item": "forbidden_arcanus:xpetrified_ore"
              }
            },
            "chance": 0.15
          },
          {
            "content": {
              "type": "multiblocked:sized",
              "count": 1,
              "ingredient": {
                "item": "forbidden_arcanus:runic_stone"
              }
            },
            "chance": 0.11
          },
          {
            "content": {
              "type": "multiblocked:sized",
              "count": 1,
              "ingredient": {
                "item": "forbidden_arcanus:arcane_crystal_ore"
              }
            },
            "chance": 0.15
          },
          {
            "content": {
              "type": "multiblocked:sized",
              "count": 1,
              "ingredient": {
                "item": "evilcraft:dark_ore"
              }
            },
            "chance": 0.22
          },
          {
            "content": {
              "type": "multiblocked:sized",
              "count": 1,
              "ingredient": {
                "item": "create:zinc_ore"
              }
            },
            "chance": 0.28
          },
          {
            "content": {
              "type": "multiblocked:sized",
              "count": 1,
              "ingredient": {
                "item": "biggerreactors:uranium_ore"
              }
            },
            "chance": 0.48
          },
          {
            "content": {
              "type": "multiblocked:sized",
              "count": 1,
              "ingredient": {
                "item": "ae2:quartz_ore"
              }
            },
            "chance": 0.33
          },
          {
            "content": {
              "type": "multiblocked:sized",
              "count": 1,
              "ingredient": {
                "item": "draconicevolution:overworld_draconium_ore"
              }
            },
            "chance": 0.38
          },
          {
            "content": {
              "type": "multiblocked:sized",
              "count": 1,
              "ingredient": {
                "item": "mythicbotany:dragonstone_ore"
              }
            },
            "chance": 0.02
          },
          {
            "content": {
              "type": "multiblocked:sized",
              "count": 1,
              "ingredient": {
                "item": "mythicbotany:elementium_ore"
              }
            },
            "chance": 0.02
          },
          {
            "content": {
              "type": "multiblocked:sized",
              "count": 1,
              "ingredient": {
                "item": "tconstruct:cobalt_ore"
              }
            },
            "chance": 0.26
          },
          {
            "content": {
              "type": "multiblocked:sized",
              "count": 1,
              "ingredient": {
                "item": "undergarden:depthrock_cloggrum_ore"
              }
            },
            "chance": 0.2
          },
          {
            "content": {
              "type": "multiblocked:sized",
              "count": 1,
              "ingredient": {
                "item": "undergarden:depthrock_regalium_ore"
              }
            },
            "chance": 0.2
          },
          {
            "content": {
              "type": "multiblocked:sized",
              "count": 1,
              "ingredient": {
                "item": "undergarden:depthrock_utherium_ore"
              }
            },
            "chance": 0.2
          },
          {
            "content": {
              "type": "multiblocked:sized",
              "count": 1,
              "ingredient": {
                "item": "undergarden:shiverstone_froststeel_ore"
              }
            },
            "chance": 0.2
          },
          {
            "content": {
              "type": "multiblocked:sized",
              "count": 1,
              "ingredient": {
                "item": "blue_skies:horizonite_ore"
              }
            },
            "chance": 0.1
          },
          {
            "content": {
              "type": "multiblocked:sized",
              "count": 1,
              "ingredient": {
                "item": "blue_skies:falsite_ore"
              }
            },
            "chance": 0.1
          },
          {
            "content": {
              "type": "multiblocked:sized",
              "count": 1,
              "ingredient": {
                "item": "blue_skies:everbright_pyrope_ore"
              }
            },
            "chance": 0.1
          },
          {
            "content": {
              "type": "multiblocked:sized",
              "count": 1,
              "ingredient": {
                "item": "blue_skies:everbright_moonstone_ore"
              }
            },
            "chance": 0.1
          },
          {
            "content": {
              "type": "multiblocked:sized",
              "count": 1,
              "ingredient": {
                "item": "blue_skies:everbright_diopside_ore"
              }
            },
            "chance": 0.1
          },
          {
            "content": {
              "type": "multiblocked:sized",
              "count": 1,
              "ingredient": {
                "item": "blue_skies:everbright_charoite_ore"
              }
            },
            "chance": 0.1
          },
          {
            "content": {
              "type": "multiblocked:sized",
              "count": 1,
              "ingredient": {
                "item": "blue_skies:everbright_aquite_ore"
              }
            },
            "chance": 0.1
          },
          {
            "content": {
              "type": "multiblocked:sized",
              "count": 1,
              "ingredient": {
                "item": "blue_skies:ventium_ore"
              }
            },
            "chance": 0.1
          },
          {
            "content": {
              "type": "multiblocked:sized",
              "count": 1,
              "ingredient": {
                "item": "minecraft:nether_quartz_ore"
              }
            },
            "chance": 0.18
          }
        ]
      },
      "tickInputs": {
        "forge_energy": [
          {
            "content": 500000,
            "chance": 1.0
          }
        ]
      }
    }
  ]
}
