[
  {
    "dimension": "minecraft:overworld",
    "mob": [
      "blue_skies:gatekeeper"
    ],
    "onjoin": true,
    "result": "deny"
  },
  {
    "dimension": "minecraft:overworld",
    "mob": [
      "betteranimalsplus:lammergeier"
    ],
    "onjoin": true,
    "result": "deny"
  },
  {
    "mod":"mna",
    "gamestage":"enable_mana_and_artifice_mobs",
    "result":"default",
    "onjoin":true
  },
  {
    "mod":"mna",
    "result":"deny",
    "onjoin":true
  }
 ]
