{
  "version": 3,
  "location": "chroma:void_miner_tier_4",
  "traits": {},
  "properties": {
    "rotationState": "ALL",
    "showInJei": true,
    "isOpaque": true,
    "hasDynamicShape": false,
    "hasCollision": true,
    "destroyTime": 1.5,
    "explosionResistance": 6.0,
    "speedFactor": 1.0,
    "jumpFactor": 1.0,
    "friction": 0.6,
    "harvestLevel": 0,
    "stackSize": 64,
    "tabGroup": "multiblocked.all"
  },
  "status": {
    "unformed": {
      "renderer": {
        "modelLocation": "multiblocked:void_controller_tier_4",
        "type": "imodel",
        "postRenderer": false
      }
    },
    "idle": {
      "renderer": {
        "modelLocation": "multiblocked:void_controller_tier_4_idle",
        "type": "imodel",
        "postRenderer": false
      },
      "parent": "unformed"
    },
    "working": {
      "renderer": {
        "modelLocation": "multiblocked:void_controller_tier_4_working",
        "type": "imodel",
        "postRenderer": false
      },
      "parent": "idle"
    },
    "suspend": {
      "parent": "working"
    }
  },
  "recipeMap": "void_miner_tier_4",
  "basePattern": {
    "structureDir": [
      "BACK",
      "UP",
      "RIGHT"
    ],
    "pattern": [
      [
        "                A                ",
        "                                 ",
        "                                 ",
        "                                 ",
        "                                 ",
        "                                 ",
        "                                 ",
        "                                 ",
        "                                 ",
        "                                 ",
        "                                 ",
        "                                 ",
        "                                 ",
        "                                 ",
        "                                 ",
        "                                 ",
        "                                 ",
        "                                 ",
        "                                 ",
        "                                 ",
        "                                 ",
        "                                 ",
        "                                 ",
        "                                 ",
        "                                 ",
        "                                 ",
        "                                 ",
        "                                 "
      ],
      [
        "               ABA               ",
        "                B                ",
        "                A                ",
        "                                 ",
        "                                 ",
        "                                 ",
        "                                 ",
        "                                 ",
        "                                 ",
        "                                 ",
        "                                 ",
        "                                 ",
        "                                 ",
        "                                 ",
        "                                 ",
        "                                 ",
        "                                 ",
        "                                 ",
        "                                 ",
        "                                 ",
        "                                 ",
        "                                 ",
        "                                 ",
        "                                 ",
        "                                 ",
        "                                 ",
        "                                 ",
        "                                 "
      ],
      [
        "                A                ",
        "                A                ",
        "                B                ",
        "                B                ",
        "                B                ",
        "                B                ",
        "                B                ",
        "                B                ",
        "                B                ",
        "                B                ",
        "                A                ",
        "                                 ",
        "                                 ",
        "                                 ",
        "                                 ",
        "                                 ",
        "                                 ",
        "                                 ",
        "                                 ",
        "                                 ",
        "                                 ",
        "                                 ",
        "                                 ",
        "                                 ",
        "                                 ",
        "                                 ",
        "                                 ",
        "                                 "
      ],
      [
        "                                 ",
        "                                 ",
        "                                 ",
        "                                 ",
        "                                 ",
        "                                 ",
        "                                 ",
        "                                 ",
        "                                 ",
        "                A                ",
        "                B                ",
        "                B                ",
        "                B                ",
        "                B                ",
        "                B                ",
        "                B                ",
        "                B                ",
        "                A                ",
        "                                 ",
        "                                 ",
        "                                 ",
        "                                 ",
        "                                 ",
        "                                 ",
        "                                 ",
        "                                 ",
        "                                 ",
        "                                 "
      ],
      [
        "                                 ",
        "                                 ",
        "                                 ",
        "                                 ",
        "                                 ",
        "                                 ",
        "                                 ",
        "                                 ",
        "                                 ",
        "                                 ",
        "                                 ",
        "                                 ",
        "                                 ",
        "                                 ",
        "                                 ",
        "                                 ",
        "                A                ",
        "                B                ",
        "                B                ",
        "                B                ",
        "                B                ",
        "                B                ",
        "                B                ",
        "                A                ",
        "                                 ",
        "                                 ",
        "                                 ",
        "                                 "
      ],
      [
        "                                 ",
        "                                 ",
        "                                 ",
        "                                 ",
        "                                 ",
        "                                 ",
        "                                 ",
        "                                 ",
        "                                 ",
        "                                 ",
        "                                 ",
        "                                 ",
        "                                 ",
        "                                 ",
        "                                 ",
        "                                 ",
        "                                 ",
        "                                 ",
        "                                 ",
        "                                 ",
        "                                 ",
        "                C                ",
        "                C                ",
        "               CCC               ",
        "                C                ",
        "                                 ",
        "                                 ",
        "                                 "
      ],
      [
        "                                 ",
        "                                 ",
        "                                 ",
        "                                 ",
        "                                 ",
        "                                 ",
        "                                 ",
        "                                 ",
        "                                 ",
        "                                 ",
        "                D                ",
        "                D                ",
        "                                 ",
        "                                 ",
        "                                 ",
        "                                 ",
        "                                 ",
        "                                 ",
        "                A                ",
        "                C                ",
        "                C                ",
        "               B B               ",
        "               B B               ",
        "              C   C              ",
        "               B B               ",
        "                C                ",
        "                                 ",
        "                                 "
      ],
      [
        "                                 ",
        "                                 ",
        "                                 ",
        "                                 ",
        "                                 ",
        "                                 ",
        "                                 ",
        "                                 ",
        "                                 ",
        "                A                ",
        "               DED               ",
        "               DED               ",
        "                F                ",
        "                F                ",
        "                F                ",
        "                F                ",
        "                G                ",
        "                G                ",
        "               AGA               ",
        "               C C               ",
        "               C C               ",
        "              C   C              ",
        "              C   C              ",
        "              C   C              ",
        "              C   C              ",
        "               CCC               ",
        "                                 ",
        "                                 "
      ],
      [
        "                                 ",
        "                                 ",
        "                                 ",
        "                                 ",
        "                                 ",
        "                                 ",
        "                                 ",
        "                                 ",
        "                H                ",
        "               DBD               ",
        "               DBD               ",
        "                A                ",
        "                                 ",
        "                                 ",
        "                                 ",
        "                                 ",
        "                                 ",
        "                                 ",
        "                A                ",
        "                C                ",
        "                C                ",
        "               B B               ",
        "               B B               ",
        "              C   C              ",
        "               B B               ",
        "                C                ",
        "                                 ",
        "                                 "
      ],
      [
        "                                 ",
        "                                 ",
        "                                 ",
        "                                 ",
        "                                 ",
        "                                 ",
        "                                 ",
        "                                 ",
        "                A                ",
        "               DBD               ",
        "                A                ",
        "                                 ",
        "                                 ",
        "                                 ",
        "                                 ",
        "                                 ",
        "                                 ",
        "                                 ",
        "                                 ",
        "                                 ",
        "                                 ",
        "                C                ",
        "                C                ",
        "               CCC               ",
        "                C                ",
        "                                 ",
        "                                 ",
        "                                 "
      ],
      [
        "               AIA               ",
        "                B                ",
        "                B                ",
        "                B                ",
        "                B                ",
        "                B                ",
        "                B                ",
        "                B                ",
        "               DBD               ",
        "               DBD               ",
        "                H                ",
        "                                 ",
        "                                 ",
        "                                 ",
        "                                 ",
        "                                 ",
        "                                 ",
        "                                 ",
        "                                 ",
        "                                 ",
        "                                 ",
        "                                 ",
        "                H                ",
        "               DCD               ",
        "                H                ",
        "                                 ",
        "                                 ",
        "                                 "
      ],
      [
        "                                 ",
        "                                 ",
        "                                 ",
        "                                 ",
        "                                 ",
        "                                 ",
        "                                 ",
        "                                 ",
        "                A                ",
        "               DBD               ",
        "                H                ",
        "                                 ",
        "                                 ",
        "                                 ",
        "                                 ",
        "                                 ",
        "                                 ",
        "                                 ",
        "                                 ",
        "                                 ",
        "                                 ",
        "                                 ",
        "                H                ",
        "               DCD               ",
        "                H                ",
        "                                 ",
        "                                 ",
        "                                 "
      ],
      [
        "                                 ",
        "                                 ",
        "                                 ",
        "                                 ",
        "                                 ",
        "                                 ",
        "                                 ",
        "                                 ",
        "                H                ",
        "               DBD               ",
        "                H                ",
        "                                 ",
        "                                 ",
        "                                 ",
        "                                 ",
        "                                 ",
        "                                 ",
        "                                 ",
        "                                 ",
        "                                 ",
        "                                 ",
        "                                 ",
        "                H                ",
        "               DCD               ",
        "                H                ",
        "                                 ",
        "                                 ",
        "                                 "
      ],
      [
        "                                 ",
        "                                 ",
        "                                 ",
        "                                 ",
        "                                 ",
        "                                 ",
        "                                 ",
        "                                 ",
        "                H                ",
        "               DBD               ",
        "                H                ",
        "                                 ",
        "                                 ",
        "                                 ",
        "                                 ",
        "                                 ",
        "                                 ",
        "                                 ",
        "                                 ",
        "                                 ",
        "                                 ",
        "                                 ",
        "                C                ",
        "               CCC               ",
        "                C                ",
        "                                 ",
        "                                 ",
        "                                 "
      ],
      [
        "                                 ",
        "                                 ",
        "                                 ",
        "                                 ",
        "                                 ",
        "                                 ",
        "                                 ",
        "                C                ",
        "                C                ",
        "               CCC               ",
        "                C                ",
        "                                 ",
        "                                 ",
        "                                 ",
        "                                 ",
        "                                 ",
        "                                 ",
        "                                 ",
        "                                 ",
        "                C                ",
        "                C                ",
        "       C        C        C       ",
        "       C       B B       C       ",
        "      CCC     C   C     CCC      ",
        "       C       B B       C       ",
        "                C                ",
        "                                 ",
        "                                 "
      ],
      [
        " A        A           A        A ",
        "                                 ",
        "                                 ",
        "                                 ",
        "                                 ",
        "                C                ",
        "                C                ",
        "               B B               ",
        "          D    B B    D          ",
        "        DDDDDDC   CDDDDDD        ",
        "       DD      B B      DD       ",
        "       D        C        D       ",
        "                D                ",
        "                                 ",
        "                                 ",
        "                                 ",
        "                C                ",
        "                C                ",
        "       A        C        A       ",
        "       C       B B       C       ",
        "       C       B B       C       ",
        "      B B      B B      B B      ",
        "      B B     B   B     B B      ",
        "     C   CDDDC     CDDDC   C     ",
        "      B B     B   B     B B      ",
        "       C       B B       C       ",
        "                C                ",
        "                                 "
      ],
      [
        "ABA       I     F     I       ABA",
        " BA       B     F     B       AB ",
        " AB       B     F     B       BA ",
        "  B       B     G     B       B  ",
        "  B       B     G     B       B  ",
        "  B       B    CBC    B       B  ",
        "  B       B    C C    B       B  ",
        "  B       B   C   C   B       B  ",
        "  B     HABAHHC   CHHABAH     B  ",
        "  BA   ABBBBBBC   CBBBBBBA   AB  ",
        "  AB  DEBAHHHHC   CHHHHABED  BA  ",
        "   B  DEA      CCC      AED  B   ",
        "   B   F       DED       F   B   ",
        "   B   F        F        F   B   ",
        "   B   F        G        F   B   ",
        "   B   F        G        F   B   ",
        "   BA  G       CBC       G  AB   ",
        "   AB  G       C C       G  BA   ",
        "    B AGA      C C      AGA B    ",
        "    B C C     C   C     C C B    ",
        "    B C C     C   C     C C B    ",
        "    BC   C    C   C    C   CB    ",
        "    BC   CHHHC     CHHHC   CB    ",
        "    AC   CCCCC     CCCCC   CA    ",
        "     C   CHHHC     CHHHC   C     ",
        "      CCC     C   C     CCC      ",
        "               CCC               ",
        "                @                "
      ],
      [
        " A        A           A        A ",
        "                                 ",
        "                                 ",
        "                                 ",
        "                                 ",
        "                C                ",
        "                C                ",
        "               B B               ",
        "          D    B B    D          ",
        "        DDDDDDC   CDDDDDD        ",
        "       DD      B B      DD       ",
        "       D        C        D       ",
        "                D                ",
        "                                 ",
        "                                 ",
        "                                 ",
        "                C                ",
        "                C                ",
        "       A        C        A       ",
        "       C       B B       C       ",
        "       C       B B       C       ",
        "      B B      B B      B B      ",
        "      B B     B   B     B B      ",
        "     C   CDDDC     CDDDC   C     ",
        "      B B     B   B     B B      ",
        "       C       B B       C       ",
        "                C                ",
        "                                 "
      ],
      [
        "                                 ",
        "                                 ",
        "                                 ",
        "                                 ",
        "                                 ",
        "                                 ",
        "                                 ",
        "                C                ",
        "                C                ",
        "               CCC               ",
        "                C                ",
        "                                 ",
        "                                 ",
        "                                 ",
        "                                 ",
        "                                 ",
        "                                 ",
        "                                 ",
        "                                 ",
        "                C                ",
        "                C                ",
        "       C        C        C       ",
        "       C       B B       C       ",
        "      CCC     C   C     CCC      ",
        "       C       B B       C       ",
        "                C                ",
        "                                 ",
        "                                 "
      ],
      [
        "                                 ",
        "                                 ",
        "                                 ",
        "                                 ",
        "                                 ",
        "                                 ",
        "                                 ",
        "                                 ",
        "                H                ",
        "               DBD               ",
        "                H                ",
        "                                 ",
        "                                 ",
        "                                 ",
        "                                 ",
        "                                 ",
        "                                 ",
        "                                 ",
        "                                 ",
        "                                 ",
        "                                 ",
        "                                 ",
        "                C                ",
        "               CCC               ",
        "                C                ",
        "                                 ",
        "                                 ",
        "                                 "
      ],
      [
        "                                 ",
        "                                 ",
        "                                 ",
        "                                 ",
        "                                 ",
        "                                 ",
        "                                 ",
        "                                 ",
        "                H                ",
        "               DBD               ",
        "                H                ",
        "                                 ",
        "                                 ",
        "                                 ",
        "                                 ",
        "                                 ",
        "                                 ",
        "                                 ",
        "                                 ",
        "                                 ",
        "                                 ",
        "                                 ",
        "                H                ",
        "               DCD               ",
        "                H                ",
        "                                 ",
        "                                 ",
        "                                 "
      ],
      [
        "                                 ",
        "                                 ",
        "                                 ",
        "                                 ",
        "                                 ",
        "                                 ",
        "                                 ",
        "                                 ",
        "                A                ",
        "               DBD               ",
        "                H                ",
        "                                 ",
        "                                 ",
        "                                 ",
        "                                 ",
        "                                 ",
        "                                 ",
        "                                 ",
        "                                 ",
        "                                 ",
        "                                 ",
        "                                 ",
        "                H                ",
        "               DCD               ",
        "                H                ",
        "                                 ",
        "                                 ",
        "                                 "
      ],
      [
        "               AIA               ",
        "                B                ",
        "                B                ",
        "                B                ",
        "                B                ",
        "                B                ",
        "                B                ",
        "                B                ",
        "               DBD               ",
        "               DBD               ",
        "                H                ",
        "                                 ",
        "                                 ",
        "                                 ",
        "                                 ",
        "                                 ",
        "                                 ",
        "                                 ",
        "                                 ",
        "                                 ",
        "                                 ",
        "                                 ",
        "                H                ",
        "               DCD               ",
        "                H                ",
        "                                 ",
        "                                 ",
        "                                 "
      ],
      [
        "                                 ",
        "                                 ",
        "                                 ",
        "                                 ",
        "                                 ",
        "                                 ",
        "                                 ",
        "                                 ",
        "                A                ",
        "               DBD               ",
        "                A                ",
        "                                 ",
        "                                 ",
        "                                 ",
        "                                 ",
        "                                 ",
        "                                 ",
        "                                 ",
        "                                 ",
        "                                 ",
        "                                 ",
        "                C                ",
        "                C                ",
        "               CCC               ",
        "                C                ",
        "                                 ",
        "                                 ",
        "                                 "
      ],
      [
        "                                 ",
        "                                 ",
        "                                 ",
        "                                 ",
        "                                 ",
        "                                 ",
        "                                 ",
        "                                 ",
        "                H                ",
        "               DBD               ",
        "               DBD               ",
        "                A                ",
        "                                 ",
        "                                 ",
        "                                 ",
        "                                 ",
        "                                 ",
        "                                 ",
        "                A                ",
        "                C                ",
        "                C                ",
        "               B B               ",
        "               B B               ",
        "              C   C              ",
        "               B B               ",
        "                C                ",
        "                                 ",
        "                                 "
      ],
      [
        "                                 ",
        "                                 ",
        "                                 ",
        "                                 ",
        "                                 ",
        "                                 ",
        "                                 ",
        "                                 ",
        "                                 ",
        "                A                ",
        "               DED               ",
        "               DED               ",
        "                F                ",
        "                F                ",
        "                F                ",
        "                F                ",
        "                G                ",
        "                G                ",
        "               AGA               ",
        "               C C               ",
        "               C C               ",
        "              C   C              ",
        "              C   C              ",
        "              C   C              ",
        "              C   C              ",
        "               CCC               ",
        "                                 ",
        "                                 "
      ],
      [
        "                                 ",
        "                                 ",
        "                                 ",
        "                                 ",
        "                                 ",
        "                                 ",
        "                                 ",
        "                                 ",
        "                                 ",
        "                                 ",
        "                D                ",
        "                D                ",
        "                                 ",
        "                                 ",
        "                                 ",
        "                                 ",
        "                                 ",
        "                                 ",
        "                A                ",
        "                C                ",
        "                C                ",
        "               B B               ",
        "               B B               ",
        "              C   C              ",
        "               B B               ",
        "                C                ",
        "                                 ",
        "                                 "
      ],
      [
        "                                 ",
        "                                 ",
        "                                 ",
        "                                 ",
        "                                 ",
        "                                 ",
        "                                 ",
        "                                 ",
        "                                 ",
        "                                 ",
        "                                 ",
        "                                 ",
        "                                 ",
        "                                 ",
        "                                 ",
        "                                 ",
        "                                 ",
        "                                 ",
        "                                 ",
        "                                 ",
        "                                 ",
        "                C                ",
        "                C                ",
        "               CCC               ",
        "                C                ",
        "                                 ",
        "                                 ",
        "                                 "
      ],
      [
        "                                 ",
        "                                 ",
        "                                 ",
        "                                 ",
        "                                 ",
        "                                 ",
        "                                 ",
        "                                 ",
        "                                 ",
        "                                 ",
        "                                 ",
        "                                 ",
        "                                 ",
        "                                 ",
        "                                 ",
        "                                 ",
        "                A                ",
        "                B                ",
        "                B                ",
        "                B                ",
        "                B                ",
        "                B                ",
        "                B                ",
        "                A                ",
        "                                 ",
        "                                 ",
        "                                 ",
        "                                 "
      ],
      [
        "                                 ",
        "                                 ",
        "                                 ",
        "                                 ",
        "                                 ",
        "                                 ",
        "                                 ",
        "                                 ",
        "                                 ",
        "                A                ",
        "                B                ",
        "                B                ",
        "                B                ",
        "                B                ",
        "                B                ",
        "                B                ",
        "                B                ",
        "                A                ",
        "                                 ",
        "                                 ",
        "                                 ",
        "                                 ",
        "                                 ",
        "                                 ",
        "                                 ",
        "                                 ",
        "                                 ",
        "                                 "
      ],
      [
        "                A                ",
        "                A                ",
        "                B                ",
        "                B                ",
        "                B                ",
        "                B                ",
        "                B                ",
        "                B                ",
        "                B                ",
        "                B                ",
        "                A                ",
        "                                 ",
        "                                 ",
        "                                 ",
        "                                 ",
        "                                 ",
        "                                 ",
        "                                 ",
        "                                 ",
        "                                 ",
        "                                 ",
        "                                 ",
        "                                 ",
        "                                 ",
        "                                 ",
        "                                 ",
        "                                 ",
        "                                 "
      ],
      [
        "               ABA               ",
        "                B                ",
        "                A                ",
        "                                 ",
        "                                 ",
        "                                 ",
        "                                 ",
        "                                 ",
        "                                 ",
        "                                 ",
        "                                 ",
        "                                 ",
        "                                 ",
        "                                 ",
        "                                 ",
        "                                 ",
        "                                 ",
        "                                 ",
        "                                 ",
        "                                 ",
        "                                 ",
        "                                 ",
        "                                 ",
        "                                 ",
        "                                 ",
        "                                 ",
        "                                 ",
        "                                 "
      ],
      [
        "                A                ",
        "                                 ",
        "                                 ",
        "                                 ",
        "                                 ",
        "                                 ",
        "                                 ",
        "                                 ",
        "                                 ",
        "                                 ",
        "                                 ",
        "                                 ",
        "                                 ",
        "                                 ",
        "                                 ",
        "                                 ",
        "                                 ",
        "                                 ",
        "                                 ",
        "                                 ",
        "                                 ",
        "                                 ",
        "                                 ",
        "                                 ",
        "                                 ",
        "                                 ",
        "                                 ",
        "                                 "
      ]
    ],
    "aisleRepetitions": [
      [
        1,
        1
      ],
      [
        1,
        1
      ],
      [
        1,
        1
      ],
      [
        1,
        1
      ],
      [
        1,
        1
      ],
      [
        1,
        1
      ],
      [
        1,
        1
      ],
      [
        1,
        1
      ],
      [
        1,
        1
      ],
      [
        1,
        1
      ],
      [
        1,
        1
      ],
      [
        1,
        1
      ],
      [
        1,
        1
      ],
      [
        1,
        1
      ],
      [
        1,
        1
      ],
      [
        1,
        1
      ],
      [
        1,
        1
      ],
      [
        1,
        1
      ],
      [
        1,
        1
      ],
      [
        1,
        1
      ],
      [
        1,
        1
      ],
      [
        1,
        1
      ],
      [
        1,
        1
      ],
      [
        1,
        1
      ],
      [
        1,
        1
      ],
      [
        1,
        1
      ],
      [
        1,
        1
      ],
      [
        1,
        1
      ],
      [
        1,
        1
      ],
      [
        1,
        1
      ],
      [
        1,
        1
      ],
      [
        1,
        1
      ],
      [
        1,
        1
      ]
    ],
    "predicates": {
      "A": {
        "blocks": [
          {
            "id": "mna:decoration/arcane_stone_stairs"
          }
        ],
        "type": "blocks"
      },
      "controller": {
        "location": "chroma:void_miner_tier_4",
        "type": "component"
      },
      "B": {
        "blocks": [
          {
            "id": "chroma:structure_frame"
          }
        ],
        "type": "blocks"
      },
      "C": {
        "blocks": [
          {
            "id": "chroma:void_miner_frame_tier4"
          }
        ],
        "type": "blocks"
      },
      "D": {
        "blocks": [
          {
            "id": "architects_palette:onyx_vertical_slab"
          }
        ],
        "type": "blocks"
      },
      "E": {
        "blocks": [
          {
            "id": "minecraft:red_stained_glass"
          }
        ],
        "type": "blocks"
      },
      "F": {
        "blocks": [
          {
            "id": "blue_skies:polished_brumble_brick_wall"
          }
        ],
        "type": "blocks"
      },
      "G": {
        "blocks": [
          {
            "id": "chroma:void_miner_laser_core_t4"
          }
        ],
        "type": "blocks"
      },
      "H": {
        "blocks": [
          {
            "id": "architects_palette:onyx_slab"
          }
        ],
        "type": "blocks"
      },
      "I": {
        "blocks": [
          {
            "id": "chroma:void_item_output_tier_4"
          },
          {
            "id": "chroma:energy_input_tier_4"
          },
          {
            "id": "chroma:void_miner_frame_tier4"
          }
        ],
        "type": "blocks"
      },
      "any": {
        "type": "any"
      }
    },
    "symbolMap": {
      "@": [
        "controller"
      ],
      " ": [
        "any"
      ],
      "A": [
        "A"
      ],
      "B": [
        "B"
      ],
      "C": [
        "C"
      ],
      "D": [
        "D"
      ],
      "E": [
        "E"
      ],
      "F": [
        "F"
      ],
      "G": [
        "G"
      ],
      "H": [
        "H"
      ],
      "I": [
        "I"
      ]
    }
  }
}
