{
  "version": 3,
  "location": "chroma:particle_accelerator",
  "traits": {},
  "properties": {
    "rotationState": "ALL",
    "showInJei": true,
    "isOpaque": true,
    "hasDynamicShape": false,
    "hasCollision": true,
    "destroyTime": 1.5,
    "explosionResistance": 6.0,
    "speedFactor": 1.0,
    "jumpFactor": 1.0,
    "friction": 0.6,
    "harvestLevel": 0,
    "stackSize": 64,
    "tabGroup": "multiblocked.all"
  },
  "status": {
    "unformed": {
      "renderer": {
        "baseTexture": "multiblocked:casing/accelerator_frame",
        "frontTexture": "multiblocked:casing/particle_off",
        "type": "gregtech",
        "postRenderer": false
      }
    },
    "idle": {
      "renderer": {
        "baseTexture": "multiblocked:casing/accelerator_frame",
        "frontTexture": "multiblocked:casing/particle_idle",
        "type": "gregtech",
        "postRenderer": false
      },
      "parent": "unformed"
    },
    "working": {
      "renderer": {
        "baseTexture": "multiblocked:casing/accelerator_frame",
        "frontTexture": "multiblocked:casing/particle_active",
        "type": "gregtech",
        "postRenderer": false
      },
      "parent": "idle"
    },
    "suspend": {
      "parent": "working"
    }
  },
  "recipeMap": "particle_accelerator",
  "basePattern": {
    "structureDir": [
      "FRONT",
      "UP",
      "LEFT"
    ],
    "pattern": [
      [
        "                         ",
        "            A            ",
        "            A            ",
        "            A            ",
        "                         "
      ],
      [
        "            A            ",
        "           BAB           ",
        "        CCCBBBCCC        ",
        "           BAB           ",
        "            A            "
      ],
      [
        "            A            ",
        "        CCCBBBCCC        ",
        "      CC         CC      ",
        "        CCCBBBCCC        ",
        "            A            "
      ],
      [
        "            A            ",
        "      CCC  BAB  CCC      ",
        "     C   CCBBBCC   C     ",
        "      CCC  BAB  CCC      ",
        "            A            "
      ],
      [
        "                         ",
        "     CC     A     CC     ",
        "    C  CC   A   CC  C    ",
        "     CC     A     CC     ",
        "                         "
      ],
      [
        "                         ",
        "    CC             CC    ",
        "   C  C     D     C  C   ",
        "    CC             CC    ",
        "                         "
      ],
      [
        "                         ",
        "   CC               CC   ",
        "  C  C             C  C  ",
        "   CC               CC   ",
        "                         "
      ],
      [
        "                         ",
        "   C                 C   ",
        "  C C               C C  ",
        "   C                 C   ",
        "                         "
      ],
      [
        "                         ",
        "  CC                 CC  ",
        " C  C               C  C ",
        "  CC                 CC  ",
        "                         "
      ],
      [
        "                         ",
        "  C                   C  ",
        " C C                 C C ",
        "  C                   C  ",
        "                         "
      ],
      [
        "                         ",
        "  C                   C  ",
        " C C        E        C C ",
        "  C         E         C  ",
        "            F            "
      ],
      [
        "                         ",
        " BBB       CCC       BBB ",
        " B B       CGC       B B ",
        " BBB       CCC       BBB ",
        "                         "
      ],
      [
        " AAA                 AAA ",
        "AABAA      CH@      AABAA",
        "AB BAD     IJI     DAB BA",
        "AABAA      KCL      AABAA",
        " AAA                 AAA "
      ],
      [
        "                         ",
        " BBB       CCC       BBB ",
        " B B       CGC       B B ",
        " BBB       CCC       BBB ",
        "                         "
      ],
      [
        "                         ",
        "  C                   C  ",
        " C C        E        C C ",
        "  C         E         C  ",
        "            F            "
      ],
      [
        "                         ",
        "  C                   C  ",
        " C C                 C C ",
        "  C                   C  ",
        "                         "
      ],
      [
        "                         ",
        "  CC                 CC  ",
        " C  C               C  C ",
        "  CC                 CC  ",
        "                         "
      ],
      [
        "                         ",
        "   C                 C   ",
        "  C C               C C  ",
        "   C                 C   ",
        "                         "
      ],
      [
        "                         ",
        "   CC               CC   ",
        "  C  C             C  C  ",
        "   CC               CC   ",
        "                         "
      ],
      [
        "                         ",
        "    CC             CC    ",
        "   C  C     D     C  C   ",
        "    CC             CC    ",
        "                         "
      ],
      [
        "                         ",
        "     CC     A     CC     ",
        "    C  CC   A   CC  C    ",
        "     CC     A     CC     ",
        "                         "
      ],
      [
        "            A            ",
        "      CCC  BAB  CCC      ",
        "     C   CCBBBCC   C     ",
        "      CCC  BAB  CCC      ",
        "            A            "
      ],
      [
        "            A            ",
        "        CCCBBBCCC        ",
        "      CC         CC      ",
        "        CCCBBBCCC        ",
        "            A            "
      ],
      [
        "            A            ",
        "           BAB           ",
        "        CCCBBBCCC        ",
        "           BAB           ",
        "            A            "
      ],
      [
        "                         ",
        "            A            ",
        "            A            ",
        "            A            ",
        "                         "
      ]
    ],
    "aisleRepetitions": [
      [
        1,
        1
      ],
      [
        1,
        1
      ],
      [
        1,
        1
      ],
      [
        1,
        1
      ],
      [
        1,
        1
      ],
      [
        1,
        1
      ],
      [
        1,
        1
      ],
      [
        1,
        1
      ],
      [
        1,
        1
      ],
      [
        1,
        1
      ],
      [
        1,
        1
      ],
      [
        1,
        1
      ],
      [
        1,
        1
      ],
      [
        1,
        1
      ],
      [
        1,
        1
      ],
      [
        1,
        1
      ],
      [
        1,
        1
      ],
      [
        1,
        1
      ],
      [
        1,
        1
      ],
      [
        1,
        1
      ],
      [
        1,
        1
      ],
      [
        1,
        1
      ],
      [
        1,
        1
      ],
      [
        1,
        1
      ],
      [
        1,
        1
      ]
    ],
    "predicates": {
      "A": {
        "blocks": [
          {
            "id": "chroma:accelerator_coil"
          }
        ],
        "type": "blocks"
      },
      "controller": {
        "location": "chroma:particle_accelerator",
        "type": "component"
      },
      "B": {
        "blocks": [
          {
            "id": "chroma:electromagnetic_condenser"
          }
        ],
        "type": "blocks"
      },
      "C": {
        "blocks": [
          {
            "id": "chroma:accelerator_frame"
          }
        ],
        "type": "blocks"
      },
      "D": {
        "blocks": [
          {
            "id": "mekanism:supercharged_coil"
          }
        ],
        "type": "blocks"
      },
      "E": {
        "blocks": [
          {
            "id": "immersiveengineering:fluid_pipe"
          }
        ],
        "type": "blocks"
      },
      "F": {
        "blocks": [
          {
            "id": "mekanism:ultimate_fluid_tank"
          }
        ],
        "type": "blocks"
      },
      "G": {
        "blocks": [
          {
            "id": "ae2:sky_stone_tank"
          }
        ],
        "type": "blocks"
      },
      "H": {
        "blocks": [
          {
            "id": "chroma:accelerator_energy_input"
          }
        ],
        "type": "blocks"
      },
      "I": {
        "blocks": [
          {
            "id": "mekanismgenerators:reactor_glass"
          }
        ],
        "type": "blocks"
      },
      "J": {
        "blocks": [
          {
            "id": "vtones:flat_lamp_2"
          }
        ],
        "type": "blocks"
      },
      "air": {
        "type": "air"
      },
      "K": {
        "blocks": [
          {
            "id": "chroma:accelerator_item_output"
          }
        ],
        "type": "blocks"
      },
      "L": {
        "blocks": [
          {
            "id": "chroma:accelerator_item_input"
          }
        ],
        "type": "blocks"
      },
      "any": {
        "type": "any"
      }
    },
    "symbolMap": {
      "@": [
        "controller"
      ],
      " ": [
        "any"
      ],
      "A": [
        "A"
      ],
      "B": [
        "B"
      ],
      "C": [
        "C"
      ],
      "D": [
        "D"
      ],
      "E": [
        "E"
      ],
      "F": [
        "F"
      ],
      "G": [
        "G"
      ],
      "H": [
        "H"
      ],
      "I": [
        "I"
      ],
      "J": [
        "J"
      ],
      "K": [
        "K"
      ],
      "L": [
        "L"
      ],
      "-": [
        "air"
      ]
    }
  }
}
