{
  "version": 3,
  "location": "chroma:basic_sieving_factory",
  "traits": {},
  "properties": {
    "rotationState": "ALL",
    "showInJei": true,
    "isOpaque": true,
    "hasDynamicShape": false,
    "hasCollision": true,
    "destroyTime": 1.5,
    "explosionResistance": 6.0,
    "speedFactor": 1.0,
    "jumpFactor": 1.0,
    "friction": 0.6,
    "harvestLevel": 0,
    "stackSize": 64,
    "tabGroup": "multiblocked.all"
  },
  "status": {
    "unformed": {
      "renderer": {
        "baseTexture": "multiblocked:casing/brass_casing",
        "frontTexture": "multiblocked:overlay/sieve",
        "type": "gregtech",
        "postRenderer": false
      }
    },
    "idle": {
      "parent": "unformed"
    },
    "working": {
      "renderer": {
        "baseTexture": "multiblocked:casing/brass_casing",
        "frontTexture": "multiblocked:overlay/sieve_active",
        "type": "gregtech",
        "postRenderer": false
      },
      "parent": "idle"
    },
    "suspend": {
      "parent": "working"
    }
  },
  "recipeMap": "basic_sieving_machine",
  "basePattern": {
    "structureDir": [
      "FRONT",
      "UP",
      "LEFT"
    ],
    "pattern": [
      [
        "  AABAA",
        "  ACCCA",
        "  ACCCA",
        "  ACCCA",
        "  AAAAA"
      ],
      [
        "  DAAAA",
        "  C E C",
        "  C   C",
        "  C   C",
        "  AAAAA"
      ],
      [
        " AAAAAA",
        " AA   C",
        " AA   C",
        " AA   C",
        " AAAAAA"
      ],
      [
        "FFFAAAA",
        "FFFGHIC",
        "FFF   C",
        "FFF   C",
        "AAAAAAA"
      ],
      [
        "FFFAJA@",
        "FFFGKLC",
        "FFF   C",
        "FFFMMNC",
        "AAAAAAA"
      ],
      [
        "FFFAOAA",
        "FFFGHIC",
        "FFF   C",
        "FFF   C",
        "AAAAAAA"
      ],
      [
        " AAAAAA",
        " AA   C",
        " AA   C",
        " AA   C",
        " AAAAAA"
      ],
      [
        "  DAAAA",
        "  C E C",
        "  C   C",
        "  C   C",
        "  AAAAA"
      ],
      [
        "  AAPAA",
        "  ACCCA",
        "  ACCCA",
        "  ACCCA",
        "  AAAAA"
      ]
    ],
    "aisleRepetitions": [
      [
        1,
        1
      ],
      [
        1,
        1
      ],
      [
        1,
        1
      ],
      [
        1,
        1
      ],
      [
        1,
        1
      ],
      [
        1,
        1
      ],
      [
        1,
        1
      ],
      [
        1,
        1
      ],
      [
        1,
        1
      ]
    ],
    "predicates": {
      "A": {
        "blocks": [
          {
            "id": "create:brass_casing"
          }
        ],
        "type": "blocks"
      },
      "controller": {
        "location": "chroma:basic_sieving_factory",
        "type": "component"
      },
      "B": {
        "blocks": [
          {
            "id": "chroma:create_item_input"
          }
        ],
        "type": "blocks"
      },
      "C": {
        "blocks": [
          {
            "id": "create:framed_glass"
          }
        ],
        "type": "blocks"
      },
      "D": {
        "blocks": [
          {
            "id": "chroma:brass_create_input"
          },
          {
            "id": "create:brass_casing"
          }
        ],
        "type": "blocks"
      },
      "E": {
        "blocks": [
          {
            "id": "create:mechanical_arm"
          }
        ],
        "type": "blocks"
      },
      "F": {
        "blocks": [
          {
            "id": "create:fluid_tank"
          }
        ],
        "type": "blocks"
      },
      "G": {
        "blocks": [
          {
            "id": "create:gearbox"
          }
        ],
        "type": "blocks"
      },
      "H": {
        "blocks": [
          {
            "id": "create:gearshift"
          }
        ],
        "type": "blocks"
      },
      "I": {
        "blocks": [
          {
            "id": "create:crushing_wheel"
          }
        ],
        "type": "blocks"
      },
      "J": {
        "blocks": [
          {
            "id": "simplylight:illuminant_block"
          }
        ],
        "type": "blocks"
      },
      "K": {
        "blocks": [
          {
            "id": "chroma:brass_create_output"
          }
        ],
        "type": "blocks"
      },
      "L": {
        "blocks": [
          {
            "id": "create:crushing_wheel_controller"
          }
        ],
        "type": "blocks"
      },
      "any": {
        "type": "any"
      },
      "M": {
        "blocks": [
          {
            "id": "create:fluid_pipe"
          }
        ],
        "type": "blocks"
      },
      "N": {
        "blocks": [
          {
            "id": "create:spout"
          }
        ],
        "type": "blocks"
      },
      "O": {
        "blocks": [
          {
            "id": "minecraft:redstone_block"
          }
        ],
        "type": "blocks"
      },
      "P": {
        "blocks": [
          {
            "id": "chroma:create_item_output"
          }
        ],
        "type": "blocks"
      }
    },
    "symbolMap": {
      "@": [
        "controller"
      ],
      " ": [
        "any"
      ],
      "A": [
        "A"
      ],
      "B": [
        "B"
      ],
      "C": [
        "C"
      ],
      "D": [
        "D"
      ],
      "E": [
        "E"
      ],
      "F": [
        "F"
      ],
      "G": [
        "G"
      ],
      "H": [
        "H"
      ],
      "I": [
        "I"
      ],
      "J": [
        "J"
      ],
      "K": [
        "K"
      ],
      "L": [
        "L"
      ],
      "M": [
        "M"
      ],
      "N": [
        "N"
      ],
      "O": [
        "O"
      ],
      "P": [
        "P"
      ]
    }
  }
}