{
  "version": 3,
  "location": "chroma:void_miner_tier_3",
  "traits": {},
  "properties": {
    "rotationState": "ALL",
    "showInJei": true,
    "isOpaque": true,
    "hasDynamicShape": false,
    "hasCollision": true,
    "destroyTime": 1.5,
    "explosionResistance": 6.0,
    "speedFactor": 1.0,
    "jumpFactor": 1.0,
    "friction": 0.6,
    "harvestLevel": 0,
    "stackSize": 64,
    "tabGroup": "multiblocked.all"
  },
  "status": {
    "unformed": {
      "renderer": {
        "modelLocation": "multiblocked:void_controller_tier_3",
        "type": "imodel",
        "postRenderer": false
      }
    },
    "idle": {
      "renderer": {
        "modelLocation": "multiblocked:void_controller_tier_3_idle",
        "type": "imodel",
        "postRenderer": false
      },
      "parent": "unformed"
    },
    "working": {
      "renderer": {
        "modelLocation": "multiblocked:void_controller_tier_3_working",
        "type": "imodel",
        "postRenderer": false
      },
      "parent": "idle"
    },
    "suspend": {
      "parent": "working"
    }
  },
  "recipeMap": "void_miner_tier_3",
  "basePattern": {
    "structureDir": [
      "LEFT",
      "UP",
      "BACK"
    ],
    "pattern": [
      [
        "                       ",
        "                       ",
        "                       ",
        "                       ",
        "                       ",
        "                       ",
        "                       ",
        "                       ",
        "                       ",
        "                       ",
        "                       ",
        "           A           ",
        "           A           ",
        "          AAA          ",
        "           A           ",
        "                       ",
        "                       ",
        "                       "
      ],
      [
        "                       ",
        "                       ",
        "                       ",
        "                       ",
        "                       ",
        "                       ",
        "                       ",
        "                       ",
        "           B           ",
        "           A           ",
        "           A           ",
        "          CAC          ",
        "          C C          ",
        "         A   A         ",
        "          C C          ",
        "           A           ",
        "                       ",
        "                       "
      ],
      [
        "          BDB          ",
        "           C           ",
        "           C           ",
        "           C           ",
        "           C           ",
        "           C           ",
        "           C           ",
        "           C           ",
        "          BCB          ",
        "          ACA          ",
        "          ACA          ",
        "         AAAAA         ",
        "         A   A         ",
        "         A   A         ",
        "         A   A         ",
        "          AAA          ",
        "                       ",
        "                       "
      ],
      [
        "                       ",
        "                       ",
        "                       ",
        "           E           ",
        "                       ",
        "                       ",
        "                       ",
        "                       ",
        "           B           ",
        "           A           ",
        "           A           ",
        "          CAC          ",
        "          C C          ",
        "         A   A         ",
        "          C C          ",
        "           A           ",
        "                       ",
        "                       "
      ],
      [
        "                       ",
        "                       ",
        "                       ",
        "           E           ",
        "                       ",
        "                       ",
        "                       ",
        "                       ",
        "                       ",
        "                       ",
        "                       ",
        "           A           ",
        "           A           ",
        "          AAA          ",
        "           A           ",
        "                       ",
        "                       ",
        "                       "
      ],
      [
        "                       ",
        "                       ",
        "                       ",
        "           E           ",
        "                       ",
        "                       ",
        "                       ",
        "                       ",
        "                       ",
        "                       ",
        "                       ",
        "                       ",
        "           F           ",
        "          GAG          ",
        "           F           ",
        "                       ",
        "                       ",
        "                       "
      ],
      [
        "                       ",
        "                       ",
        "                       ",
        "           E           ",
        "                       ",
        "                       ",
        "                       ",
        "                       ",
        "                       ",
        "                       ",
        "                       ",
        "                       ",
        "                       ",
        "           A           ",
        "                       ",
        "                       ",
        "                       ",
        "                       "
      ],
      [
        "                       ",
        "                       ",
        "                       ",
        "           E           ",
        "                       ",
        "                       ",
        "                       ",
        "                       ",
        "                       ",
        "                       ",
        "                       ",
        "                       ",
        "           F           ",
        "          GAG          ",
        "           F           ",
        "                       ",
        "                       ",
        "                       "
      ],
      [
        "                       ",
        "                       ",
        "                       ",
        "           E           ",
        "                       ",
        "                       ",
        "                       ",
        "                       ",
        "                       ",
        "                       ",
        "                       ",
        "                       ",
        "           A           ",
        "          AAA          ",
        "           A           ",
        "                       ",
        "                       ",
        "                       "
      ],
      [
        "                       ",
        "                       ",
        "                       ",
        "          HEH          ",
        "                       ",
        "                       ",
        "                       ",
        "                       ",
        "                       ",
        "           A           ",
        "           A           ",
        "  A        A        A  ",
        "  A       C C       A  ",
        " AAA     A   A     AAA ",
        "  A       C C       A  ",
        "           A           ",
        "                       ",
        "                       "
      ],
      [
        "  B                 B  ",
        "                       ",
        "                       ",
        "         HIIIH         ",
        "                       ",
        "                       ",
        "           A           ",
        "           A           ",
        "  B        A        B  ",
        "  A       C C       A  ",
        "  A       C C       A  ",
        " CAC      C C      CAC ",
        " C C     C   C     C C ",
        "A   AG GA     AG GA   A",
        " C C     C   C     C C ",
        "  A       C C       A  ",
        "           A           ",
        "                       "
      ],
      [
        "  D        J        D  ",
        "  C        J        C  ",
        "  C        J        C  ",
        "  CEEEEEEEIKIEEEEEEEC  ",
        "  C        L        C  ",
        "  C        M        C  ",
        "  C       AAA       C  ",
        "  C       AAA       C  ",
        " BCB      A A      BCB ",
        " ACA     A   A     ACA ",
        " ACA     A   A     ACA ",
        "AAAAA    A   A    AAAAA",
        "A   AF FA     AF FA   A",
        "A   AAAAA     AAAAA   A",
        "A   AF FA     AF FA   A",
        " AAA     A   A     AAA ",
        "          AAA          ",
        "           @           "
      ],
      [
        "  B                 B  ",
        "                       ",
        "                       ",
        "         HIIIH         ",
        "                       ",
        "                       ",
        "           A           ",
        "           A           ",
        "  B        A        B  ",
        "  A       C C       A  ",
        "  A       C C       A  ",
        " CAC      C C      CAC ",
        " C C     C   C     C C ",
        "A   AG GA     AG GA   A",
        " C C     C   C     C C ",
        "  A       C C       A  ",
        "           A           ",
        "                       "
      ],
      [
        "                       ",
        "                       ",
        "                       ",
        "          HEH          ",
        "                       ",
        "                       ",
        "                       ",
        "                       ",
        "                       ",
        "           A           ",
        "           A           ",
        "  A        A        A  ",
        "  A       C C       A  ",
        " AAA     A   A     AAA ",
        "  A       C C       A  ",
        "           A           ",
        "                       ",
        "                       "
      ],
      [
        "                       ",
        "                       ",
        "                       ",
        "           E           ",
        "                       ",
        "                       ",
        "                       ",
        "                       ",
        "                       ",
        "                       ",
        "                       ",
        "                       ",
        "           A           ",
        "          AAA          ",
        "           A           ",
        "                       ",
        "                       ",
        "                       "
      ],
      [
        "                       ",
        "                       ",
        "                       ",
        "           E           ",
        "                       ",
        "                       ",
        "                       ",
        "                       ",
        "                       ",
        "                       ",
        "                       ",
        "                       ",
        "           F           ",
        "          GAG          ",
        "           F           ",
        "                       ",
        "                       ",
        "                       "
      ],
      [
        "                       ",
        "                       ",
        "                       ",
        "           E           ",
        "                       ",
        "                       ",
        "                       ",
        "                       ",
        "                       ",
        "                       ",
        "                       ",
        "                       ",
        "                       ",
        "           A           ",
        "                       ",
        "                       ",
        "                       ",
        "                       "
      ],
      [
        "                       ",
        "                       ",
        "                       ",
        "           E           ",
        "                       ",
        "                       ",
        "                       ",
        "                       ",
        "                       ",
        "                       ",
        "                       ",
        "                       ",
        "           F           ",
        "          GAG          ",
        "           F           ",
        "                       ",
        "                       ",
        "                       "
      ],
      [
        "                       ",
        "                       ",
        "                       ",
        "           E           ",
        "                       ",
        "                       ",
        "                       ",
        "                       ",
        "                       ",
        "                       ",
        "                       ",
        "           A           ",
        "           A           ",
        "          AAA          ",
        "           A           ",
        "                       ",
        "                       ",
        "                       "
      ],
      [
        "                       ",
        "                       ",
        "                       ",
        "           E           ",
        "                       ",
        "                       ",
        "                       ",
        "                       ",
        "           B           ",
        "           A           ",
        "           A           ",
        "          CAC          ",
        "          C C          ",
        "         A   A         ",
        "          C C          ",
        "           A           ",
        "                       ",
        "                       "
      ],
      [
        "          BDB          ",
        "           C           ",
        "           C           ",
        "           C           ",
        "           C           ",
        "           C           ",
        "           C           ",
        "           C           ",
        "          BCB          ",
        "          ACA          ",
        "          ACA          ",
        "         AAAAA         ",
        "         A   A         ",
        "         A   A         ",
        "         A   A         ",
        "          AAA          ",
        "                       ",
        "                       "
      ],
      [
        "                       ",
        "                       ",
        "                       ",
        "                       ",
        "                       ",
        "                       ",
        "                       ",
        "                       ",
        "           B           ",
        "           A           ",
        "           A           ",
        "          CAC          ",
        "          C C          ",
        "         A   A         ",
        "          C C          ",
        "           A           ",
        "                       ",
        "                       "
      ],
      [
        "                       ",
        "                       ",
        "                       ",
        "                       ",
        "                       ",
        "                       ",
        "                       ",
        "                       ",
        "                       ",
        "                       ",
        "                       ",
        "           A           ",
        "           A           ",
        "          AAA          ",
        "           A           ",
        "                       ",
        "                       ",
        "                       "
      ]
    ],
    "aisleRepetitions": [
      [
        1,
        1
      ],
      [
        1,
        1
      ],
      [
        1,
        1
      ],
      [
        1,
        1
      ],
      [
        1,
        1
      ],
      [
        1,
        1
      ],
      [
        1,
        1
      ],
      [
        1,
        1
      ],
      [
        1,
        1
      ],
      [
        1,
        1
      ],
      [
        1,
        1
      ],
      [
        1,
        1
      ],
      [
        1,
        1
      ],
      [
        1,
        1
      ],
      [
        1,
        1
      ],
      [
        1,
        1
      ],
      [
        1,
        1
      ],
      [
        1,
        1
      ],
      [
        1,
        1
      ],
      [
        1,
        1
      ],
      [
        1,
        1
      ],
      [
        1,
        1
      ],
      [
        1,
        1
      ]
    ],
    "predicates": {
      "A": {
        "blocks": [
          {
            "id": "chroma:void_miner_frame_tier3"
          }
        ],
        "type": "blocks"
      },
      "controller": {
        "location": "chroma:void_miner_tier_3",
        "type": "component"
      },
      "B": {
        "blocks": [
          {
            "id": "mna:decoration/arcane_stone_stairs"
          }
        ],
        "type": "blocks"
      },
      "C": {
        "blocks": [
          {
            "id": "chroma:structure_frame"
          }
        ],
        "type": "blocks"
      },
      "D": {
        "blocks": [
          {
            "id": "chroma:void_item_output_tier_3"
          },
          {
            "id": "chroma:energy_input_tier_3"
          },
          {
            "id": "chroma:void_miner_frame_tier3"
          }
        ],
        "type": "blocks"
      },
      "E": {
        "blocks": [
          {
            "id": "immersiveengineering:steel_scaffolding_standard"
          }
        ],
        "type": "blocks"
      },
      "F": {
        "blocks": [
          {
            "id": "architects_palette:onyx_slab"
          }
        ],
        "type": "blocks"
      },
      "G": {
        "blocks": [
          {
            "id": "architects_palette:onyx_vertical_slab"
          }
        ],
        "type": "blocks"
      },
      "H": {
        "blocks": [
          {
            "id": "createdeco:netherite_sheet_stairs"
          }
        ],
        "type": "blocks"
      },
      "I": {
        "blocks": [
          {
            "id": "minecraft:white_stained_glass"
          }
        ],
        "type": "blocks"
      },
      "J": {
        "blocks": [
          {
            "id": "minecraft:purple_stained_glass_pane"
          }
        ],
        "type": "blocks"
      },
      "K": {
        "blocks": [
          {
            "id": "minecraft:purple_stained_glass"
          }
        ],
        "type": "blocks"
      },
      "L": {
        "blocks": [
          {
            "id": "architects_palette:oracle_tile_wall"
          }
        ],
        "type": "blocks"
      },
      "any": {
        "type": "any"
      },
      "M": {
        "blocks": [
          {
            "id": "chroma:void_miner_laser_core_t3"
          }
        ],
        "type": "blocks"
      }
    },
    "symbolMap": {
      "@": [
        "controller"
      ],
      " ": [
        "any"
      ],
      "A": [
        "A"
      ],
      "B": [
        "B"
      ],
      "C": [
        "C"
      ],
      "D": [
        "D"
      ],
      "E": [
        "E"
      ],
      "F": [
        "F"
      ],
      "G": [
        "G"
      ],
      "H": [
        "H"
      ],
      "I": [
        "I"
      ],
      "J": [
        "J"
      ],
      "K": [
        "K"
      ],
      "L": [
        "L"
      ],
      "M": [
        "M"
      ]
    }
  }
}
