{
	"credit": "Made with Blockbench",
	"parent": "block/cube_all",
	"texture_size": [64, 64],
	"textures": {
		"1": "multiblocked:block/nebula_controller/face_idle",
		"2": "multiblocked:block/nebula_controller/bloc",
		"particle": "multiblocked:block/nebula_controller/bloc"
	},
	"elements": [
		{
			"from": [0, 0, 0],
			"to": [16, 16, 1],
			"faces": {
				"north": {"uv": [0, 0, 4, 4], "texture": "#1"},
				"east": {"uv": [4, 0, 4.25, 4], "texture": "#1"},
				"south": {"uv": [0, 4, 4, 8], "texture": "#1"},
				"west": {"uv": [4, 4, 4.25, 8], "texture": "#1"},
				"up": {"uv": [8.25, 0.25, 4.25, 0], "texture": "#1"},
				"down": {"uv": [8.25, 0.25, 4.25, 0.5], "texture": "#1"}
			}
		},
		{
			"from": [0, 0, 1],
			"to": [16, 16, 16],
			"faces": {
				"north": {"uv": [0, 0, 4, 4], "texture": "#2"},
				"east": {"uv": [4, 0, 7.5, 4], "texture": "#2"},
				"south": {"uv": [0, 4, 4, 8], "texture": "#2"},
				"west": {"uv": [4, 4, 7.5, 8], "texture": "#2"},
				"up": {"uv": [11.5, 3.5, 7.5, 0], "texture": "#2"},
				"down": {"uv": [11.5, 3.5, 7.5, 7], "texture": "#2"}
			}
		}
	],
	"display": {}
}
