{
  "version": 3,
  "location": "chroma:brass_create_input",
  "traits": {},
  "properties": {
    "rotationState": "NON_Y_AXIS",
    "showInJei": true,
    "isOpaque": true,
    "hasDynamicShape": false,
    "hasCollision": true,
    "destroyTime": 1.5,
    "explosionResistance": 6.0,
    "speedFactor": 1.0,
    "jumpFactor": 1.0,
    "friction": 0.6,
    "harvestLevel": 0,
    "stackSize": 64,
    "tabGroup": "multiblocked.all"
  },
  "status": {
    "unformed": {
      "renderer": {
        "baseTexture": "multiblocked:casing/brass_casing",
        "frontTexture": "multiblocked:overlay/overlay_stress_in",
        "type": "gregtech",
        "postRenderer": false
      }
    },
    "idle": {
      "parent": "unformed"
    },
    "working": {
      "parent": "idle",
      "sound": {
        "sound": "create:cogs",
        "loop": false,
        "delay": 0,
        "volume": 0.1,
        "pitch": 1.0
      }
    },
    "suspend": {
      "parent": "working"
    }
  },
  "canShared": false,
  "isOutput": false,
  "stress": 4.0,
  "type": "create_part"
}